ADEX_ID;DAT_QUELLE;BEZEICHNG;GDE_NAME;GDE_KENN;KOO_REFSYS;X_VON;Y_VON;X_BIS;Y_BIS;Z;GENAUIGK;BEGRUENDUNG;;DAT_FEIN;;;;;;;;;;;;;;;;;LITERATUR;LISTENTEXT
N° de site ADAB;base source;Nom du site;commune principale;code commune;système de projection;X de;Y de;X à;Y à;Z;précision;Etat des connaissances;occupation;datation précise début;datation précise fin;immo niv1;immo niv2;immo niv3;immo niv4;Profondeur des vestiges;immo_exp;mob niv1;mob niv2;mob niv3;mob niv4;mob_exp;prod niv1;prod niv2;prod niv3;prod_exp;Bibliographie;Remarques
BW_102243069;ADABweb;"Wyhl, Untergriselwegort""""";Wyhl;8316051;4326;7.6737229636;48.1684867333;7.6758083526;48.1698566609;0;non;Littérature/Fouilles anciennes/Prospecté;Unique;Gallo-romain indéterminé;Gallo-romain indéterminé;NULL;NULL;NULL;NULL;;NON;NULL;NULL;NULL;NULL;NON;NULL;NULL;NULL;NON;dossier : 102243069;NULL
BW_101125686;ADABweb;"Niederwinden, Im kurzen Ried""""";Winden im Elztal;8316055;4326;8.0218834322;48.1412137788;8.023374766;48.1421891522;0;non;Fouillé;Unique;Gallo-romain indéterminé;Gallo-romain indéterminé;NULL;NULL;NULL;NULL;;NON;Céramique;NULL;NULL;NULL;NON;NULL;NULL;NULL;NON;dossier : 101125686;NULL
BW_103052959;ADABweb;"Weisweil, Käferhölzle""""";Weisweil;8316049;4326;7.6722596882;48.185746284;7.6750721388;48.1872280853;0;non;Littérature prospecté;Unique;Gallo-romain indéterminé;Gallo-romain indéterminé;Habitat;Indéterminé;NULL;NULL;;NON;NULL;NULL;NULL;NULL;NON;NULL;NULL;NULL;NON;"Bad. Fundber. III, 1935, 188. ; Dossier : 103052959";NULL
BW_96972042;ADABweb;"Langgasse 7, Buchholz, Saugrün""""";Waldkirch;8316056;4326;7.9102122231;48.0821479942;7.9105750627;48.0826090675;0;non;Littérature prospecté;Unique;Gallo-romain indéterminé;Gallo-romain indéterminé;NULL;NULL;NULL;NULL;;NON;Monnaies;NULL;NULL;NULL;NON;NULL;NULL;NULL;NON;"Christ, K. FMRD II,2-N1; bes. 25 ; Dossier : 96972042";NULL
BW_97018511;ADABweb;"Waldkirch, Buchenbühl/Schänzle""""";Waldkirch;8316056;4326;7.9652780688;48.0859344942;7.9679086665;48.0881289174;0;non;Littérature prospecté;Unique;Gallo-romain indéterminé;Gallo-romain indéterminé;Isolé;Dépôt;NULL;NULL;;NON;Monnaies;NULL;NULL;NULL;NON;NULL;NULL;NULL;NON;"Bissinger 1889, 35, 14.
Mone in: ZGO 10, 1859, 385f. 
FMRD II,2 72-75.
FMRD II,2-N1 (1980) 28. ; Dossier : 97018511";NULL
BW_97018519;ADABweb;"Waldkirch, Altersbachtal/Oberer Steingraben""""";Waldkirch;8316056;4326;7.9911033135;48.0776306184;7.9941734709;48.0802263161;0;non;Littérature prospecté;Unique;Gallo-romain indéterminé;Gallo-romain indéterminé;Isolé;Dépôt;NULL;NULL;;NON;NULL;NULL;NULL;NULL;NON;NULL;NULL;NULL;NON;"Wesdt. Zeitschr. 1882, 497 ff.
Schauinsland 25, 1898, 1ff.
Wagner I (1908) Nr. 391.
FMRD II,2, 72.
Waldkircher Heimatbrief 144, 1993, 3.
Arch. Nachr. Baden 50, 1993, 163f. ; Dossier : 97018519";NULL
BW_97018515;ADABweb;"Waldkirch, Altersbachtal""""";Waldkirch;8316056;4326;7.9891965966;48.0859232962;7.9891965966;48.0859232962;0;non;Littérature prospecté;Unique;La Tène indéterminée;La Tène indéterminée;Isolé;NULL;NULL;NULL;;NON;NULL;NULL;NULL;NULL;NON;NULL;NULL;NULL;NON;"Bad. Fundber. II, 1931, 288.
Ber. RGK 32, 1942, 34-36.
Chr. Liebschwager, Gräberfelder der frühen Latenekultur (Diss. FR ) Taf. 1.
R. Echt, Fürstinnengrab von Reinheim (1999)120-122. ; Dossier : 97018515";NULL
BW_102967478;ADABweb;Turmstrasse 1, Waldkirch;Waldkirch;8316056;4326;7.9603641544;48.0932164261;7.9603641544;48.0932164261;0;non;Littérature prospecté;Unique;Indéterminé;Indéterminé;Rituel;Eglise;NULL;NULL;;NON;NULL;NULL;NULL;NULL;NON;NULL;NULL;NULL;NON;dossier : 102967478;NULL
BW_97018510;ADABweb;Papiergässle, Waldkirch;Waldkirch;8316056;4326;7.966805739;48.0975137878;7.9669264145;48.0976443764;0;non;Littérature prospecté;Unique;Gallo-romain indéterminé;Gallo-romain indéterminé;Isolé;NULL;NULL;NULL;;NON;Monnaies;NULL;NULL;NULL;NON;NULL;NULL;NULL;NON;dossier : 97018510;NULL
BW_97018509;ADABweb;Kirchplatz 8, Waldkirch;Waldkirch;8316056;4326;7.9635804063;48.0916123296;7.963743389;48.0917141412;0;non;Littérature prospecté;Unique;Gallo-romain indéterminé;Gallo-romain indéterminé;Habitat;Indéterminé;NULL;NULL;;NON;NULL;NULL;NULL;NULL;NON;NULL;NULL;NULL;NON;"Arch. Ausgr. Baden-Württ. 1997, 163.
Fundber. Baden-Württ. 22/2, 1999, 285, Taf. 176B. ; Dossier : 97018509";NULL
BW_99563525;ADABweb;"Vörstetten, Küchlematten""""";Vörstetten;8316045;4326;7.8091268692;48.074118301;7.8102735058;48.0751010591;0;non;Sondé;Unique;Gallo-romain indéterminé;Gallo-romain indéterminé;Habitat;Indéterminé;NULL;NULL;;NON;NULL;NULL;NULL;NULL;NON;NULL;NULL;NULL;NON;dossier : 99563525;NULL
BW_102910420;ADABweb;"Köndringen, Vierdörfer Wald"", Alt Landeck""";Teningen;8316043;4326;7.8351697772;48.1522485029;7.8358377224;48.1527114462;0;non;Littérature prospecté;Unique;Moyen-âge;Moyen-âge;Habitat;Fortifié;NULL;NULL;;NON;NULL;NULL;NULL;NULL;NON;NULL;NULL;NULL;NON;"Alemann. Jahrb. 1970, 38-45.
Burgen im ma. Breisgau I.2 (2003) 265-268.
Südwesdt. Beiträge zur Bauforschung 5 (2007) 11. ; Dossier : 102910420";NULL
BW_102943158;ADABweb;"Köndringen, Schlossberg"", Burg Landeck""";Teningen;8316043;4326;7.8396341409;48.1489378352;7.8408975538;48.1501329705;0;non;Littérature prospecté;Unique;Moyen-âge;Moyen-âge;Habitat;Fortifié;Château;NULL;;NON;NULL;NULL;NULL;NULL;NON;NULL;NULL;NULL;NON;dossier : 102943158;NULL
BW_102918384;ADABweb;"Köndringen, Schlossberg""""";Teningen;8316043;4326;7.8427103321;48.14810479;7.8427103321;48.14810479;0;non;Littérature prospecté;Unique;Vérifier en remarque;Vérifier en remarque;NULL;NULL;NULL;NULL;;NON;Lithique;Silex;NULL;NULL;NON;NULL;NULL;NULL;NON;"Bad. Fundber. 19, 1951, 113. ; Dossier : 102918384";NULL
BW_102909538;ADABweb;"Köndringen, Aspen""""";Teningen;8316043;4326;7.8492480253;48.1583164954;7.8492480253;48.1583164954;0;non;Littérature prospecté;Unique;Moyen-âge;Moyen-âge;Habitat;Indéterminé;NULL;NULL;;NON;NULL;NULL;NULL;NULL;NON;NULL;NULL;NULL;NON;"Poinsignon, Ödungen und Wüstungen. ZGO NF 2, 1887, 329f.

Krieger, Topograph. Wörterbuch I (1094) Sp.44.

Der Landkreis Emmendingen II.2 (2001) 720. ; Dossier : 102909538";Il s'agit d'un habitat abandonné
BW_98853477;ADABweb;"Köndringen, Ruckenbühl""""";Teningen;8316043;4326;7.7962783195;48.1339091848;7.7972282267;48.1343964459;0;non;Fouillé;Unique;Indéterminé;Indéterminé;Habitat;Indéterminé;NULL;NULL;;NON;NULL;NULL;NULL;NULL;NON;Aménagement hydraulique;NULL;NULL;NON;dossier : 98853477;Drainage
BW_97018451;ADABweb;"Köndringen, Ottenberg""""";Teningen;8316043;4326;7.8101464194;48.1381771622;7.8104189698;48.1382743209;0;non;Littérature prospecté;Unique;Indéterminé;Indéterminé;Funéraire;indéterminé;NULL;NULL;;NON;NULL;NULL;NULL;NULL;NON;NULL;NULL;NULL;NON;"Hoeper, Alamannische Siedlungsgeschichte (2001) 251 und 254f.
Der Landkreis Emmendingen II.2 (2001) 715. ; Dossier : 97018451";NULL
BW_98866840;ADABweb;"Köndringen, Bürgle / Alte Burg""""";Teningen;8316043;4326;7.8127114498;48.1384417628;7.8137449809;48.1391710212;0;non;Littérature prospecté;Unique;Moyen-âge;Moyen-âge;Habitat;Fortifié;Château;NULL;;NON;NULL;NULL;NULL;NULL;NON;NULL;NULL;NULL;NON;dossier : 98866840;NULL
BW_102951235;ADABweb;"Nimburg, Ziegelbreite""""";Teningen;8316043;4326;7.7819160678;48.0913138419;7.7819160678;48.0913138419;0;non;Littérature prospecté;Unique;Indéterminé;Indéterminé;Funéraire;Indéterminé;NULL;NULL;;NON;NULL;NULL;NULL;NULL;NON;NULL;NULL;NULL;NON;"Ortschronik Nimburg (1977) 11.
Hoeper, Alamann. Siedlungsgeschichte (2001) 281. ; Dossier : 102951235";NULL
BW_97011511;ADABweb;"Nimburg, Steckacker""""";Teningen;8316043;4326;7.7992654663;48.09308387;7.8015166705;48.0945610908;0;non;Littérature prospecté;Unique;Gallo-romain indéterminé;Gallo-romain indéterminé;Habitat;Indéterminé;NULL;NULL;;NON;NULL;NULL;NULL;NULL;NON;NULL;NULL;NULL;NON;"Ortschronik Nimburg (1977) 11.
Fundber. Baden-Württemberg 10, 1985, S. 580, Taf. 71B. ; Dossier : 97011511";NULL
BW_102960551;ADABweb;"Nimburg, Mühlacker""""";Teningen;8316043;4326;7.7868713756;48.0856535959;7.7874172555;48.0862468236;0;non;Littérature prospecté;Unique;Indéterminé;Indéterminé;NULL;NULL;NULL;NULL;;NON;NULL;NULL;NULL;NULL;NON;Charbon;NULL;NULL;NON;dossier : 102960551;NULL
BW_102949625;ADABweb;"Nimburg, Langacker""""";Teningen;8316043;4326;7.7783791803;48.0903613668;7.7783791803;48.0903613668;0;non;Littérature prospecté;Unique;Indéterminé;Indéterminé;Habitat;Indéterminé;NULL;NULL;;NON;NULL;NULL;NULL;NULL;NON;NULL;NULL;NULL;NON;"Ortschronik Nimburg (1977) 11. ; Dossier : 102949625";NULL
BW_102687082;ADABweb;"Nimburg, Kapellenacker""""";Teningen;8316043;4326;7.7832242628;48.0893477445;7.7835977133;48.0898119798;0;non;Littérature prospecté;Unique;Mérovingien;Mérovingien;NULL;NULL;NULL;NULL;;NON;NULL;NULL;NULL;NULL;NON;NULL;NULL;NULL;NON;dossier : 102687082;NULL
BW_102950012;ADABweb;"Nimburg, Kapellenacker""""";Teningen;8316043;4326;7.7832081291;48.0895113542;7.7832081291;48.0895113542;0;non;Littérature prospecté;Unique;Mérovingien;Mérovingien;Funéraire;NULL;NULL;NULL;;NON;NULL;NULL;NULL;NULL;NON;NULL;NULL;NULL;NON;"Ortschronik Nimburg (1977) 11.
Hoeper, Alamann. Siedlungsgeschichte (2001) 281; 283f. ; Dossier : 102950012";NULL
BW_102946728;ADABweb;"Nimburg, Glatter Brunnen""""";Teningen;8316043;4326;7.7841988062;48.0847222863;7.7841988062;48.0847222863;0;non;Littérature prospecté;Unique;Fer indéterminé;Fer indéterminé;NULL;NULL;NULL;NULL;;NON;Lithique;Silex;NULL;NULL;NON;NULL;NULL;NULL;NON;dossier : 102946728;NULL
BW_102950908;ADABweb;"Nimburg, Germannsbreite""""";Teningen;8316043;4326;7.7823838084;48.0867350934;7.7823838084;48.0867350934;0;non;Littérature prospecté;Unique;Néolithique;Néolithique;NULL;NULL;NULL;NULL;;NON;Lithique;NULL;NULL;NULL;NON;NULL;NULL;NULL;NON;"Bad. Fundber. 17, 1941-47, 265.

Ortschronik Nimburg (1977) 10. ; Dossier : 102950908";NULL
BW_102951318;ADABweb;"Nimburg, Bruckmatten""""";Teningen;8316043;4326;7.7864812611;48.0908167687;7.7868720266;48.091008065;0;non;Littérature prospecté;Unique;Gallo-romain indéterminé;Gallo-romain indéterminé;Habitat;Indéterminé;Fosse;NULL;;NON;NULL;NULL;NULL;NULL;NON;NULL;NULL;NULL;NON;"Ortschronik Nimburg (1977) 11. ; Dossier : 102951318";NULL
BW_102960435;ADABweb;"Nimburg, Bruckmatten""""";Teningen;8316043;4326;7.7915787173;48.0901916585;7.7915787173;48.0901916585;0;non;Littérature prospecté;Unique;Gallo-romain indéterminé;Gallo-romain indéterminé;NULL;NULL;NULL;NULL;;NON;NULL;NULL;NULL;NULL;NON;NULL;NULL;NULL;NON;"Ortschronik Nimburg (1977) 11. ; Dossier : 102960435";NULL
BW_102892861;ADABweb;"Am Kenzelberg 1, Heimbach, Ortsetter""""";Teningen;8316043;4326;7.828397446;48.1611617415;7.8340563916;48.1660549069;0;non;Littérature prospecté;Unique;Moyen-âge;Moyen-âge;Habitat;Indéterminé;NULL;NULL;;NON;NULL;NULL;NULL;NULL;NON;NULL;NULL;NULL;NON;dossier : 102892861;NULL
BW_102892427;ADABweb;"Zehnthof 4, Heimbach, Ortsetter"", Alte Marienkirche""";Teningen;8316043;4326;7.8322192071;48.1633627862;7.8328175358;48.1636087756;0;non;Littérature prospecté;Unique;Moyen-âge;Moyen-âge;Rituel;Eglise;NULL;NULL;;NON;NULL;NULL;NULL;NULL;NON;NULL;NULL;NULL;NON;dossier : 102892427;NULL
BW_102943648;ADABweb;"Am Kindergarten 1, Köndringen, Ortsetter""""";Teningen;8316043;4326;7.8021377102;48.1368872903;7.8101187673;48.1409899807;0;non;Littérature prospecté;Unique;Moyen-âge;Moyen-âge;Habitat;Indéterminé;NULL;NULL;;NON;NULL;NULL;NULL;NULL;NON;NULL;NULL;NULL;NON;dossier : 102943648;NULL
BW_99562223;ADABweb;Teningen;Teningen;8316043;4326;7.7881481742;48.1161357015;7.7881481742;48.1161357015;0;non;Sondé;Unique;Gallo-romain indéterminé;Gallo-romain indéterminé;Habitat;Indéterminé;NULL;NULL;;NON;NULL;NULL;NULL;NULL;NON;NULL;NULL;NULL;NON;dossier : 8-1-106;NULL
BW_102965697;ADABweb;"Nimburg, Umgehungstrasse""""";Teningen;8316043;4326;7.774142421;48.1078209294;7.774142421;48.1078209294;0;non;Littérature prospecté;Unique;Indéterminé;Indéterminé;NULL;NULL;NULL;NULL;;NON;Céramique;NULL;NULL;NULL;NON;NULL;NULL;NULL;NON;dossier : 102965697;NULL
BW_102966785;ADABweb;"Nimburg, See""""";Teningen;8316043;4326;7.757577678;48.0905174874;7.757577678;48.0905174874;0;non;Littérature prospecté;Unique;Néolithique;Néolithique;NULL;NULL;NULL;NULL;;NON;Lithique;NULL;NULL;NULL;NON;NULL;NULL;NULL;NON;"Fundber. Baden-Württemberg 28/2, 2005, 100. ; Dossier : 102966785";NULL
BW_102960979;ADABweb;"Nimburg, Ortsetter""""";Teningen;8316043;4326;7.7746448538;48.1047480835;7.7785854407;48.1065855672;0;non;Littérature prospecté;Unique;Indéterminé;Indéterminé;Voie;NULL;NULL;NULL;;NON;NULL;NULL;NULL;NULL;NON;NULL;NULL;NULL;NON;dossier : 102960979;NULL
BW_102993603;ADABweb;"Nimburg, Ortsetter""""";Teningen;8316043;4326;7.7756990635;48.1028041306;7.7759128102;48.1031656896;0;non;Littérature prospecté;Unique;Moyen-âge;Moyen-âge;Habitat ;Indéterminé;NULL;NULL;;NON;NULL;NULL;NULL;NULL;NON;NULL;NULL;NULL;NON;"Ortschronik Nimburg (1977) 11. ; Dossier : 102993603";NULL
BW_102946854;ADABweb;"Nimburg, Marchacker""""";Teningen;8316043;4326;7.7672799062;48.0945117479;7.7672799062;48.0945117479;0;non;Littérature prospecté;Unique;Indéterminé;Indéterminé;Habitat;Indéterminé;NULL;NULL;;NON;NULL;NULL;NULL;NULL;NON;NULL;NULL;NULL;NON;"Ortschronik Nimburg (1977) 11. ; Dossier : 102946854";NULL
BW_102950067;ADABweb;"Nimburg, Landweg""""";Teningen;8316043;4326;7.7623649844;48.1057471063;7.7623649844;48.1057471063;0;non;Littérature prospecté;Unique;Indéterminé;Indéterminé;NULL;NULL;NULL;NULL;;NON;Métal;Armement;Epée;NULL;NON;NULL;NULL;NULL;NON;dossier : 102950067;NULL
BW_102965425;ADABweb;"Nimburg, Klosen""""";Teningen;8316043;4326;7.7709420641;48.0967005522;7.7709420641;48.0967005522;0;non;Littérature prospecté;Unique;Indéterminé;Indéterminé;NULL;NULL;NULL;NULL;;NON;NULL;Céramique;NULL;NULL;NON;NULL;NULL;NULL;NON;dossier : 102965425;NULL
BW_96972000;ADABweb;"Bahlingen, Nimburgerhag / Jungholz""""";Bahlingen;8316002;4326;7.7684990632;48.1107900662;7.7745330437;48.1197224194;0;non;Littérature prospecté;Unique;Gallo-romain indéterminé;Gallo-romain indéterminé;Voie;NULL;NULL;NULL;;NON;NULL;NULL;NULL;NULL;NON;NULL;NULL;NULL;NON;"Bad. Fundber. I, 1925-28, 364f.
J. Schneider, In: Ortschronik Nimburg (1977) 9f. ; Dossier : 96972000";NULL
BW_102979771;ADABweb;"Nimburg, Grossmatten""""";Teningen;8316043;4326;7.7632142365;48.1080666347;7.7634624738;48.1082676385;0;non;Littérature prospecté;Unique;Vérifier en remarque;Vérifier en remarque;NULL;NULL;NULL;NULL;;NON;Lithique;Silex;NULL;NULL;NON;NULL;NULL;NULL;NON;dossier : 102979771;NULL
BW_102993724;ADABweb;"Nimburg, Burg""""";Teningen;8316043;4326;7.7759388295;48.1016239328;7.7769737468;48.1020654387;0;non;Littérature prospecté;Unique;Gallo-romain indéterminé;Gallo-romain indéterminé;NULL;NULL;NULL;NULL;;NON;Céramique;NULL;NULL;NULL;NON;NULL;NULL;NULL;NON;"Fundber. Baden-Württemberg 28/2, 2005, 294. ; Dossier : 102993724";NULL
BW_102993826;ADABweb;"Nimburg, Burg""""";Teningen;8316043;4326;7.776416378;48.1014571855;7.7770352126;48.1017938312;0;non;Littérature prospecté;Unique;Moyen-âge;Moyen-âge;NULL;NULL;NULL;NULL;;NON;NULL;NULL;NULL;NULL;NON;NULL;NULL;NULL;NON;dossier : 102993826;NULL
BW_102994070;ADABweb;"Nimburg, Burg""""";Teningen;8316043;4326;7.7770783463;48.1021407378;7.7774625949;48.1023679145;0;non;Littérature prospecté;Unique;Fer indéterminé;Fer indéterminé;NULL;NULL;NULL;NULL;;NON;NULL;NULL;NULL;NULL;NON;NULL;NULL;NULL;NON;dossier : 102994070;NULL
BW_102994092;ADABweb;"Nimburg, Burg""""";Teningen;8316043;4326;7.7774469266;48.1023416315;7.7780973091;48.1025145862;0;non;Littérature prospecté;Unique;Indéterminé;Indéterminé;NULL;NULL;NULL;NULL;;NON;NULL;NULL;NULL;NULL;NON;NULL;NULL;NULL;NON;dossier : 102994092;NULL
BW_102985556;ADABweb;"Nimburg, Burg""""";Teningen;8316043;4326;7.7771023836;48.1030256769;7.7771023836;48.1030256769;0;non;Littérature prospecté;Unique;Fer indéterminé;Fer indéterminé;NULL;NULL;NULL;NULL;;NON;NULL;NULL;NULL;NULL;NON;NULL;NULL;NULL;NON;"Bad. Fundber. 19, 1951, 239.
Ortschronik Nimburg (1977) 9.  ; Dossier : 102985556";NULL
BW_102949505;ADABweb;"Nimburg, Bahnstation""""";Teningen;8316043;4326;7.7618458461;48.1059040284;7.7618458461;48.1059040284;0;non;Littérature prospecté;Unique;Indéterminé;Indéterminé;Voie;NULL;NULL;NULL;;NON;NULL;NULL;NULL;NULL;NON;NULL;NULL;NULL;NON;dossier : 102949505;NULL
BW_99485527;ADABweb;"Köndringen, Vierdörferwald"", Alt-Landeck""";Teningen;8316043;4326;7.8350304627;48.1520618552;7.8370408918;48.1529415756;0;non;Fouillé;Unique;Moyen-âge;Moyen-âge;Habitat;Fortifié;NULL;NULL;;NON;NULL;NULL;NULL;NULL;NON;NULL;NULL;NULL;NON;dossier : 99485527;Il s'agit plus précisément d'un aménagement militaire
BW_102941275;ADABweb;"Köndringen, Ottenberg""""";Teningen;8316043;4326;7.8100670502;48.1381427451;7.8125356588;48.1395539542;0;non;Littérature prospecté;Unique;Indéterminé;Indéterminé;Funéraire;Nécropole tombes plates;NULL;NULL;;NON;NULL;NULL;NULL;NULL;NON;NULL;NULL;NULL;NON;dossier : 102941275;NULL
BW_102911242;ADABweb;"Köndringen, Ortsetter""""";Teningen;8316043;4326;7.8054496053;48.1387391405;7.8054496053;48.1387391405;0;non;Littérature prospecté;Unique;Indéterminé;Indéterminé;Funéraire;Indéterminé;inhumation;NULL;;NON;NULL;NULL;NULL;NULL;NON;NULL;NULL;NULL;NON;dossier : 102911242;NULL
BW_102918539;ADABweb;"Köndringen, Ortsetter""""";Teningen;8316043;4326;7.8054886202;48.1395883593;7.8054886202;48.1395883593;0;non;Littérature prospecté;Unique;Indéterminé;Indéterminé;NULL;NULL;NULL;NULL;;NON;NULL;NULL;NULL;NULL;NON;Aménagement hydraulique;Puits;NULL;NON;dossier : 102918539;NULL
BW_102940960;ADABweb;"Köndringen, Niederwald""""";Teningen;8316043;4326;7.7857252513;48.1367816324;7.7881310182;48.1386298959;0;non;Littérature prospecté;Unique;Indéterminé;Indéterminé;NULL;NULL;NULL;NULL;;NON;NULL;NULL;NULL;NULL;NON;NULL;NULL;NULL;NON;dossier : 102940960;NULL
BW_102941177;ADABweb;"Köndringen, Huberten""""";Teningen;8316043;4326;7.8021231908;48.1434577347;7.8038474229;48.1445798785;0;non;Littérature prospecté;Unique;Hallstatt indéterminé;Hallstatt indéterminé;Habitat;Indéterminé;NULL;NULL;;NON;NULL;NULL;NULL;NULL;NON;NULL;NULL;NULL;NON;dossier : 102941177;NULL
BW_102917599;ADABweb;"Köndringen, Huberten""""";Teningen;8316043;4326;7.8031918949;48.1437085372;7.8035383256;48.1441030794;0;non;Littérature prospecté;Unique;Hallstatt indéterminé;Hallstatt indéterminé;NULL;NULL;NULL;NULL;;NON;NULL;NULL;NULL;NULL;NON;NULL;NULL;NULL;NON;"Fundber. Baden-Württemberg 15, 1990, 578f.
Der Landkreis Emmendingen II.2 (2001) 715. ; Dossier : 102917599";NULL
BW_102939321;ADABweb;"Köndringen, Gländ""""";Teningen;8316043;4326;7.8129076348;48.1313592061;7.8148949591;48.1323400231;0;non;Littérature prospecté;Unique;Indéterminé;Indéterminé;NULL;NULL;NULL;NULL;;NON;NULL;NULL;NULL;NULL;NON;NULL;NULL;NULL;NON;dossier : 102939321;NULL
BW_102941440;ADABweb;"Köndringen, Brunnenrain"", Bruderhäusle""";Teningen;8316043;4326;7.8581046083;48.1524287695;7.8589412309;48.152889412;0;non;Littérature prospecté;Unique;Moyen-âge;Moyen-âge;Habitat;Isolé;NULL;NULL;;NON;NULL;NULL;NULL;NULL;NON;NULL;NULL;NULL;NON;dossier : 102941440;Ermitage
BW_102892014;ADABweb;"Heimbach, Ortsetter"", Galluskapelle";Teningen;8316043;4326;7.8298898476;48.1650152973;7.8298898476;NULL;0;non;Littérature prospecté;Unique;Moyen-âge;Moyen-âge;Rituel;Eglise;NULL;NULL;;NON;NULL;NULL;NULL;NULL;NON;NULL;NULL;NULL;NON;"Der Landkreis Emmendingen II.2 (2003) 713f.
Teningen - Ein Heimatbuch (1990) 212-214. ; Dossier : 102892014";" Alte Galluskirche"""
BW_102917323;ADABweb;Hauptstrasse 13, Köndringen;Teningen;8316043;4326;7.8048981246;48.13913452;7.8048981246;48.13913452;0;non;Littérature prospecté;Unique;Gallo-romain indéterminé;Gallo-romain indéterminé;Isolé;Statuaire;NULL;NULL;;NON;NULL;NULL;NULL;NULL;NON;NULL;NULL;NULL;NON;dossier : 102917323;NULL
BW_102892338;ADABweb;"Am Gallenbach 1, Heimbach, Ortsetter"", Alte Galluskirche""";Teningen;8316043;4326;7.8297037368;48.1648580842;7.8306894791;48.1659612776;0;non;Littérature prospecté;Unique;Moyen-âge;Moyen-âge;Rituel;Eglise;NULL;NULL;;NON;NULL;NULL;NULL;NULL;NON;NULL;NULL;NULL;NON;dossier : 102892338;NULL
BW_102941142;ADABweb;"Bahnhofstrasse 4, Köndringen, Ortsetter"", Kirche""";Teningen;8316043;4326;7.8047647517;48.1383399992;7.8054133711;48.1387290117;0;non;Littérature prospecté;Unique;Moyen-âge;Moyen-âge;Rituel;Eglise;NULL;NULL;;NON;NULL;NULL;NULL;NULL;NON;NULL;NULL;NULL;NON;dossier : 102941142;NULL
BW_102910611;ADABweb;Bahnhofstrasse 4, Köndringen;Teningen;8316043;4326;7.804927662;48.1384320066;7.805190554;48.1386119127;0;non;Littérature prospecté;Unique;Moyen-âge;Moyen-âge;Rituel;Eglise;NULL;NULL;;NON;NULL;NULL;NULL;NULL;NON;NULL;NULL;NULL;NON;"Der Landkreis Emmendingen II.2 (2001) 718f.

Reformation im Werden - 450 J. Ref. im Kirchenbezirk Emmendingen  (2006) 97. ; Dossier : --";NULL
BW_101934304;ADABweb;"Sasbach, Unterdorf am Lehweg""""";Sasbach;8316038;4326;7.617923372;48.1467422811;7.6186005201;48.1473341316;0;non;Fouillé;Unique;Gallo-romain indéterminé;Gallo-romain indéterminé;Habitat;Indéterminé;NULL;NULL;;NON;NULL;NULL;NULL;NULL;NON;NULL;NULL;NULL;NON;dossier : 101934304;NULL
BW_97018429;ADABweb;"Sasbach, Lützelberg""""";Sasbach;8316038;4326;7.6104799929;48.1457742174;7.6111892805;48.1462642536;0;oui;Littérature prospecté;Unique;Néolithique;Néolithique;Isolé;NULL;NULL;NULL;;NON;NULL;NULL;NULL;NULL;NON;NULL;NULL;NULL;NON;"Bad. Fber. 16, 1940, 36. ; Dossier : SASB002M";NULL
BW_97018431;ADABweb;"Sasbach, Limberg"", Alte/Obere Limburg""";Sasbach;8316038;4326;7.6048108427;48.1472226603;7.6054399571;48.14757749;0;non;Sondé;Unique;Mérovingien;Mérovingien;Habitat;Fortifié;Château;NULL;;NON;NULL;NULL;NULL;NULL;NON;NULL;NULL;NULL;NON;"Fingerlin, Führer Limberg. ; Dossier : SASB001M";NULL
BW_97018433;ADABweb;Sasbach;Sasbach;8316038;4326;7.617160248;48.1395875497;7.6175485609;48.1398580033;0;non;Littérature prospecté;Unique;Mérovingien récent;Mérovingien récent;Habitat;Indéterminé;NULL;NULL;;NON;NULL;NULL;NULL;NULL;NON;NULL;NULL;NULL;NON;"Bad. Fber. 22, 1962, 289f. ; Dossier : SASB004M";NULL
BW_102340691;ADABweb;"Leiselheim, Lehmatten""""";Sasbach;8316038;4326;7.6337749895;48.1285159058;7.6401532449;48.13168726;0;non;Littérature prospecté;Unique;Néolithique;Néolithique;Habitat;Indéterminé;NULL;NULL;;NON;NULL;NULL;NULL;NULL;NON;NULL;NULL;NULL;NON;"Bad. Fundber. 18, 1948-50, 63-67; 212-214; 236. 
Bad. Fundber. 19, 1951, 246. 
M. Gallay, Bad. Fundber. Sonderband 12 (1970) 126. 
Arch. Nachr. Baden 25, 1980, 16-19. 
B. Grimmer-Dehn, Urnenfelderkultur (1991) 129. 
Arch. Nachr. Baden 47/48, 1992, 10. 
J. Orschiedt, Bandkeramische Siedlungen (1998)106. 
Leiselheim - Aus der Geschichte eines kleinen Dorfes am Kaiserstuhl (1999) 14f.; 17. ; Dossier : 102340691";NULL
BW_97018430;ADABweb;"Jechtingen, Hinterer Hochberg"", Schnellertsburg""";Sasbach;8316038;4326;7.6211325573;48.1243102661;7.6215421133;48.1245722199;0;oui;Littérature prospecté;Unique;Hallstatt indéterminé;Hallstatt indéterminé;Funéraire;Nécropole tombes plates;NULL;NULL;;NON;NULL;NULL;NULL;NULL;NON;NULL;NULL;NULL;NON;dossier : JECH003M;NULL
BW_97017097;ADABweb;"Riegel, Wyhlerbühl/Romanshöfe...""""";Riegel;8316037;4326;7.7236134052;48.1614920087;7.7313269819;48.1664439242;0;non;Littérature prospecté;Unique;Bronze final;Bronze final;Habitat;Indéterminé;NULL;NULL;;NON;NULL;NULL;NULL;NULL;NON;NULL;NULL;NULL;NON;"BF III, 1933-1936, 370f ; Dossier : RIEG012";NULL
BW_97017110;ADABweb;"Riegel, Wallern""""";Riegel;8316037;4326;7.7564164353;48.1588194137;7.7607855451;48.1610283744;0;non;Littérature prospecté;Unique;Gallo-romain indéterminé;Gallo-romain indéterminé;Habitat;Indéterminé;NULL;NULL;;NON;NULL;NULL;NULL;NULL;NON;NULL;NULL;NULL;NON;dossier : RIEG027;NULL
BW_97017108;ADABweb;"Riegel, Tugmatten""""";Riegel;8316037;4326;7.7534903997;48.1667098666;7.7589161623;48.1692869605;0;non;Littérature prospecté;Unique;La Tène indéterminée;La Tène indéterminée;Habitat;Indéterminé;NULL;NULL;;NON;NULL;NULL;NULL;NULL;NON;NULL;NULL;NULL;NON;dossier : RIEG025;NULL
BW_97017099;ADABweb;"Riegel, Stephanstal""""";Riegel;8316037;4326;7.7253426882;48.1576579919;7.7316676461;48.1615540655;0;non;Littérature prospecté;Unique;Bronze indéterminé;Bronze indéterminé;Habitat;Indéterminé;NULL;NULL;;NON;NULL;NULL;NULL;NULL;NON;NULL;NULL;NULL;NON;dossier : RIEG014;NULL
BW_97017100;ADABweb;"Riegel, Schollen""""";Riegel;8316037;4326;7.7306389839;48.1578499001;7.7367697668;48.1617965829;0;non;Littérature prospecté;Unique;Fer indéterminé;Fer indéterminé;Habitat;Indéterminé;NULL;NULL;;NON;NULL;NULL;NULL;NULL;NON;NULL;NULL;NULL;NON;dossier : RIEG015;NULL
BW_97017092;ADABweb;"Riegel, Schleichen""""";Riegel;8316037;4326;7.7557231106;48.133036955;7.7572773784;48.1339235994;0;non;Littérature prospecté;Unique;La Tène indéterminée;La Tène indéterminée;Habitat;Indéterminé;NULL;NULL;;NON;NULL;NULL;NULL;NULL;NON;NULL;NULL;NULL;NON;dossier : RIEG007;NULL
BW_97017107;ADABweb;"Riegel, Schaafläger""""";Riegel;8316037;4326;7.7413571812;48.1656129917;7.746861941;48.1710924191;0;non;Littérature prospecté;Unique;Néolithique;Néolithique;Habitat;Indéterminé;NULL;NULL;;NON;NULL;NULL;NULL;NULL;NON;NULL;NULL;NULL;NON;"BF III, 1933-1936, 184-185 ; Dossier : RIEG024";NULL
BW_97017103;ADABweb;"Riegel, Rumlisbuck""""";Riegel;8316037;4326;7.7241913775;48.1687348226;7.7278447145;48.1709414013;0;non;Littérature prospecté;Unique;Néolithique;Néolithique;Habitat;Indéterminé;NULL;NULL;;NON;NULL;NULL;NULL;NULL;NON;NULL;NULL;NULL;NON;dossier : RIEG020;NULL
BW_97016261;ADABweb;"Riegel, Ringweg/Gehrpfad""""";Riegel;8316037;4326;7.7399490441;48.1594476234;7.7462492003;48.1650116603;0;non;Littérature prospecté;Unique;Néolithique;Néolithique;Funéraire;Nécropole tombes plates;NULL;NULL;;NON;NULL;NULL;NULL;NULL;NON;NULL;NULL;NULL;NON;"BF 18, 1948-1950, 254 ; Dossier : RIEG017";NULL
BW_97017095;ADABweb;"Riegel, Mördergrube""""";Riegel;8316037;4326;7.713597336;48.1584255577;7.7165282967;48.1601715172;0;non;Littérature prospecté;Unique;La Tène indéterminée;La Tène indéterminée;Habitat;Enclos;NULL;NULL;;NON;NULL;NULL;NULL;NULL;NON;NULL;NULL;NULL;NON;"Bittel e.a., Viereckschanzen 1990, 389, Abb.252 ; Dossier : RIEG010";"La base adab classe le Viereckschanze sous la rubrique ""Culte"""
BW_97001278;ADABweb;"Riegel, Mittlerer Häfler/Oberer ...""""";Riegel;8316037;4326;7.7231865882;48.1472310636;7.736175224;48.1563927045;0;non;Littérature prospecté;Unique;Néolithique;Néolithique;Habitat;Indéterminé;NULL;NULL;;NON;NULL;NULL;NULL;NULL;NON;NULL;NULL;NULL;NON;"B. Röder, Frühlatenekeramik aus dem Breisgau (Stuttgart 1995) 181.
H. Wagner, Glasschmuck Oberrhein (2006) 214 Taf. 10, 337. ; Dossier : RIEG001";NULL
BW_97017088;ADABweb;"Riegel, Michaelsberg/Burg/Halde...""""";Riegel;8316037;4326;7.7479327946;48.1440796121;7.7542955777;48.1496387745;0;non;Littérature prospecté;Unique;Néolithique;Néolithique;Habitat;Indéterminé;NULL;NULL;;NON;NULL;NULL;NULL;NULL;NON;NULL;NULL;NULL;NON;"Fundberichte Baden-Württemberg 29, 2007, 820. ; Dossier : RIEG005";NULL
BW_97018421;ADABweb;"Riegel, Michaelsberg, Burg""""";Riegel;8316037;4326;7.7508212074;48.1459617492;7.752806453;48.1471491699;0;non;Littérature prospecté;Unique;Moyen-âge;Moyen-âge;Habitat;Fortifié;Château;NULL;;NON;NULL;NULL;NULL;NULL;NON;NULL;NULL;NULL;NON;dossier : RIEG001M;NULL
BW_97017104;ADABweb;"Riegel, Lindenbrunnenbuck/Rumlisbuck""""";Riegel;8316037;4326;7.7212524735;48.1702551093;7.7261391766;48.172979285;0;non;Littérature prospecté;Unique;Bronze final;Bronze final;Habitat;Indéterminé;NULL;NULL;;NON;NULL;NULL;NULL;NULL;NON;NULL;NULL;NULL;NON;dossier : RIEG021;NULL
BW_97017106;ADABweb;"Riegel, Krebs""""";Riegel;8316037;4326;7.7388921124;48.1716505707;7.7421404417;48.1737337951;0;non;Littérature prospecté;Unique;Gallo-romain indéterminé;Gallo-romain indéterminé;Habitat;Indéterminé;NULL;NULL;;NON;NULL;NULL;NULL;NULL;NON;NULL;NULL;NULL;NON;"BF III, 1933-1936, 183 (Nr.127) ; Dossier : RIEG023";NULL
BW_97017093;ADABweb;"Riegel, Himmelreich/Romansreute...""""";Riegel;8316037;4326;7.7570936341;48.1328856704;7.7626798653;48.1449722544;0;non;Littérature prospecté;Unique;Gallo-romain indéterminé;Gallo-romain indéterminé;Habitat;Indéterminé;NULL;NULL;;NON;NULL;NULL;NULL;NULL;NON;NULL;NULL;NULL;NON;"BF I, 1925-1928, 364f ; Dossier : RIEG008";NULL
BW_97017091;ADABweb;"Riegel, Gallberg""""";Riegel;8316037;4326;7.7336756523;48.1442592882;7.7398950788;48.1476201043;0;non;Littérature prospecté;Unique;Fer indéterminé;Fer indéterminé;Habitat;Indéterminé;NULL;NULL;;NON;NULL;NULL;NULL;NULL;NON;NULL;NULL;NULL;NON;"BF I, 1925.1928, 371 ; Dossier : RIEG006";NULL
BW_97017101;ADABweb;"Riegel, Filge/Schollen""""";Riegel;8316037;4326;7.7341461633;48.1554358389;7.7419243827;48.1591368296;0;non;Littérature prospecté;Unique;Fer indéterminé;Fer indéterminé;Funéraire;Enclos Funéraire;NULL;NULL;;NON;NULL;NULL;NULL;NULL;NON;NULL;NULL;NULL;NON;dossier : RIEG016;NULL
BW_97017102;ADABweb;"Riegel, Dürrenhof/Rauss/Rumlisbuck""""";Riegel;8316037;4326;7.7267270023;48.1670660053;7.7346298707;48.1712686585;0;non;Littérature prospecté;Unique;Néolithique;Néolithique;Habitat;Indéterminé;NULL;NULL;;NON;NULL;NULL;NULL;NULL;NON;NULL;NULL;NULL;NON;dossier : RIEG019;NULL
BW_97017087;ADABweb;"Riegel, Brühl/Holzmatten/Kabisgarten""""";Riegel;8316037;4326;7.7546958458;48.1455204733;7.7623841204;48.1545594406;0;non;Littérature prospecté;Unique;La Tène indéterminée;La Tène indéterminée;Habitat;Indéterminé;NULL;NULL;;NON;NULL;NULL;NULL;NULL;NON;NULL;NULL;NULL;NON;"Poisignon, Töpferei Riegel, 1886, 40-42 ; Dossier : RIEG004";NULL
BW_97017086;ADABweb;"Riegel, Brennstützenacker/Fronhof...""""";Riegel;8316037;4326;7.7408923642;48.1461342422;7.7540929296;48.1592846036;0;non;Littérature prospecté;Unique;Fer indéterminé;Fer indéterminé;Funéraire;Enclos Funéraire;NULL;NULL;;NON;NULL;NULL;NULL;NULL;NON;NULL;NULL;NULL;NON;"Zur Bestattung der Glockenbecherkultur (Gewann Grasäcker):
Bad. Fundber. 17, 1941-1947, 131; 260; Taf. 43. Bad. Fundber. 21, 1958, Taf. 26. Fundber. Baden-Württemberg 15, 1990, 530.
Mithräum: Fundber. Baden-Württemberg 29, 2007, 327-532. Germania 64, 1986, 433-440. Zeitspuren (Arch. Nachr. Baden 50, 1993) 128.
Grube der Rössener Kultur: Fundberichte Baden-Württemberg 29, 2007, 804-808 Taf. 4D, 5B, 6, 7A. ; Dossier : RIEG003";NULL
BW_97002217;ADABweb;"Riegel, Breite/Feldgasse/Filge/Gäns..""""";Riegel;8316037;4326;7.7353416714;48.1476184958;7.7431722094;48.1568659608;0;non;Littérature prospecté;Unique;Néolithique;Néolithique;Habitat;Indéterminé;NULL;NULL;;NON;NULL;NULL;NULL;NULL;NON;NULL;NULL;NULL;NON;"Neolithische Befunde: Fundberichte Baden-Württemberg 29, 2007, 808-820 Taf. 7B-13. ; Dossier : RIEG002";NULL
BW_97017112;ADABweb;"Riegel, Beim Badhaus/Holzgrünle...""""";Riegel;8316037;4326;7.7525470502;48.15551789;7.7538915975;48.1628924123;0;non;Littérature prospecté;Unique;Gallo-romain indéterminé;Gallo-romain indéterminé;Voie;NULL;NULL;NULL;;NON;NULL;NULL;NULL;NULL;NON;NULL;NULL;NULL;NON;dossier : RIEG029;Fossé le long d'une voie
BW_96984977;ADABweb;Riegel;Riegel;8316037;4326;7.7153381517;48.1592875224;7.7153381517;48.1592875224;0;oui;Littérature prospecté;Unique;La Tène D;La Tène D;Habitat;Enclos;NULL;NULL;;NON;NULL;NULL;NULL;NULL;NON;NULL;NULL;NULL;NON;"Bittel/Schiek/Müller, Atlas (1990) 389 ; Dossier : L7912/016-05";NULL
BW_97000627;ADABweb;Riegel;Riegel;8316037;4326;7.7275471558;48.1520755965;7.7275471558;48.1520755965;0;oui;Littérature prospecté;Unique;Indéterminé;Indéterminé;Habitat;Indéterminé;NULL;NULL;;NON;NULL;NULL;NULL;NULL;NON;NULL;NULL;NULL;NON;dossier : L7912/058-01;NULL
BW_99562210;ADABweb;Riegel;Riegel;8316037;4326;7.7595947669;48.1590632139;7.7595947669;48.1590632139;0;non;Sondé;Unique;Gallo-romain indéterminé;Gallo-romain indéterminé;Habitat;Indéterminé;NULL;NULL;;NON;NULL;NULL;NULL;NULL;NON;NULL;NULL;NULL;NON;dossier : 8-1-104;NULL
BW_99562197;ADABweb;Riegel;Riegel;8316037;4326;7.7580562511;48.1598740059;7.7580562511;48.1598740059;0;non;Sondé;Unique;Gallo-romain indéterminé;Gallo-romain indéterminé;Habitat;Indéterminé;NULL;NULL;;NON;NULL;NULL;NULL;NULL;NON;NULL;NULL;NULL;NON;dossier : 8-1-103;NULL
BW_99562184;ADABweb;Riegel;Riegel;8316037;4326;7.7572119195;48.1614387512;7.7572119195;48.1614387512;0;non;Sondé;Unique;Gallo-romain indéterminé;Gallo-romain indéterminé;Habitat;Indéterminé;NULL;NULL;;NON;NULL;NULL;NULL;NULL;NON;NULL;NULL;NULL;NON;dossier : 8-1-102;NULL
BW_99563512;ADABweb;Riegel;Riegel;8316037;4326;7.7565459795;48.1618198495;7.7575090744;48.1624198099;0;non;Sondé;Unique;Gallo-romain indéterminé;Gallo-romain indéterminé;Habitat;Indéterminé;NULL;NULL;;NON;NULL;NULL;NULL;NULL;NON;NULL;NULL;NULL;NON;dossier : 8-1-101;NULL
BW_99562028;ADABweb;Riegel;Riegel;8316037;4326;7.7619974264;48.1809883936;7.7619974264;48.1809883936;0;non;Sondé;Unique;Gallo-romain indéterminé;Gallo-romain indéterminé;Habitat;Indéterminé;NULL;NULL;;NON;NULL;NULL;NULL;NULL;NON;NULL;NULL;NULL;NON;dossier : 8-0-065;NULL
BW_99563454;ADABweb;Riegel;Riegel;8316037;4326;7.7589951527;48.174968802;7.7601891749;48.1757253708;0;non;Sondé;Unique;Gallo-romain indéterminé;Gallo-romain indéterminé;Habitat;Indéterminé;NULL;NULL;;NON;NULL;NULL;NULL;NULL;NON;NULL;NULL;NULL;NON;dossier : 8-0-061;NULL
BW_99562002;ADABweb;Riegel;Riegel;8316037;4326;7.7586881696;48.1743514498;7.7586881696;48.1743514498;0;non;Sondé;Unique;Gallo-romain indéterminé;Gallo-romain indéterminé;Habitat;Indéterminé;NULL;NULL;;NON;NULL;NULL;NULL;NULL;NON;NULL;NULL;NULL;NON;dossier : 8-0-060;NULL
BW_99563440;ADABweb;Riegel;Riegel;8316037;4326;7.7526385201;48.1720915294;7.7540312439;48.1728700686;0;non;Sondé;Unique;Gallo-romain indéterminé;Gallo-romain indéterminé;Habitat;Indéterminé;NULL;NULL;;NON;NULL;NULL;NULL;NULL;NON;NULL;NULL;NULL;NON;dossier : 8-0-058;NULL
BW_99563422;ADABweb;Riegel;Riegel;8316037;4326;7.7571625913;48.1718257659;7.7583148582;48.1731063092;0;non;Sondé;Unique;Gallo-romain indéterminé;Gallo-romain indéterminé;Habitat;Indéterminé;NULL;NULL;;NON;NULL;NULL;NULL;NULL;NON;NULL;NULL;NULL;NON;dossier : 8-0-056;NULL
BW_99561989;ADABweb;Riegel;Riegel;8316037;4326;7.7585610507;48.1690348946;7.7585610507;48.1690348946;0;non;Sondé;Unique;Gallo-romain indéterminé;Gallo-romain indéterminé;Habitat;Indéterminé;NULL;NULL;;NON;NULL;NULL;NULL;NULL;NON;NULL;NULL;NULL;NON;dossier : 8-0-054;NULL
BW_99561976;ADABweb;Riegel;Riegel;8316037;4326;7.7572497907;48.170999303;7.7572497907;48.170999303;0;non;Sondé;Unique;Gallo-romain indéterminé;Gallo-romain indéterminé;Habitat;Indéterminé;NULL;NULL;;NON;NULL;NULL;NULL;NULL;NON;NULL;NULL;NULL;NON;dossier : 8-0-053;NULL
BW_96971997;ADABweb;"Bahlingen, Schleichen""""";Bahlingen;8316002;4326;7.7557278552;48.1322275493;7.7570860593;48.1339034254;0;non;Littérature prospecté;Unique;La Tène indéterminée;La Tène indéterminée;Habitat;Indéterminé;NULL;NULL;;NON;NULL;NULL;NULL;NULL;NON;NULL;NULL;NULL;NON;dossier : 96971997;NULL
BW_99563406;ADABweb;Riegel;Riegel;8316037;4326;7.7612326002;48.179459601;7.762007347;48.1798020011;0;non;Sondé;Unique;A VIRER;A VIRER;Habitat;Indéterminé;NULL;NULL;;NON;NULL;NULL;NULL;NULL;NON;NULL;NULL;NULL;NON;dossier : 8-0-064;NULL
BW_96984483;ADABweb;Oberhausen;Rheinhausen;8316053;4326;7.7147822945;48.2194435287;7.7147822945;48.2194435287;0;oui;Littérature prospecté;Unique;Indéterminé;Indéterminé;Habitat;Indéterminé;NULL;NULL;;NON;NULL;NULL;NULL;NULL;NON;NULL;NULL;NULL;NON;dossier : L7712/011-04;NULL
BW_96984481;ADABweb;Oberhausen;Rheinhausen;8316053;4326;7.7218793329;48.2173597235;7.7218793329;48.2173597235;0;non;Littérature prospecté;Unique;Indéterminé;Indéterminé;Funéraire;Tumulus isolé;NULL;NULL;;NON;NULL;NULL;NULL;NULL;NON;NULL;NULL;NULL;NON;dossier : L7712/011-02;NULL
BW_96984518;ADABweb;Niederhausen;Rheinhausen;8316053;4326;7.7170694337;48.231048177;7.7170694337;48.231048177;0;oui;Littérature prospecté;Unique;Indéterminé;Indéterminé;Habitat;Indéterminé;NULL;NULL;;NON;NULL;NULL;NULL;NULL;NON;NULL;NULL;NULL;NON;dossier : L7712/047-01;NULL
BW_96984553;ADABweb;Niederhausen;Rheinhausen;8316053;4326;7.7313809129;48.2393820509;7.7313809129;48.2393820509;0;oui;Littérature prospecté;Unique;Indéterminé;Indéterminé;Formation superficielle;NULL;NULL;NULL;;NON;NULL;NULL;NULL;NULL;NON;NULL;NULL;NULL;NON;dossier : L7712/091-01;NULL
BW_96984492;ADABweb;Niederhausen;Rheinhausen;8316053;4326;7.7171077346;48.2548182916;7.7171077346;48.2548182916;0;non;Littérature prospecté;Unique;Indéterminé;Indéterminé;NULL;NULL;NULL;NULL;;NON;NULL;NULL;NULL;NULL;NON;Métal;Extraction;NULL;NON;dossier : L7712/014B-02;NULL
BW_97018399;ADABweb;"Reute, Hutmatten/ Wittenmatten/ Höfle"", Wittumhof""";Reute;8316036;4326;7.8109828622;48.0816498648;7.8121666107;48.0824394882;0;non;Littérature prospecté;Unique;Moyen-âge;Moyen-âge;NULL;NULL;NULL;NULL;;NON;Céramique;NULL;NULL;NULL;NON;NULL;NULL;NULL;NON;"Burgen im ma. Breisgau I.2 (2006) 350f. ; Dossier : 97018399";NULL
BW_99865662;ADABweb;"Reute, Wittenschlucker""""";Reute;8316036;4326;7.834798875;48.0866412307;7.837367143;48.0879863827;0;non;Fouillé;Unique;Gallo-romain indéterminé;Gallo-romain indéterminé;Habitat;Indéterminé;NULL;NULL;;NON;NULL;NULL;NULL;NULL;NON;NULL;NULL;NULL;NON;"G.A. Auer (Hrsg.), Reute (1997) 16 und Abb.7. ; Dossier : 99865662";NULL
BW_99866008;ADABweb;"Reute, Hartlachbrünnele""""";Reute;8316036;4326;7.8321960136;48.0918118666;7.8321960136;48.0918118666;0;non;Fouillé;Unique;Gallo-romain indéterminé;Gallo-romain indéterminé;NULL;NULL;NULL;NULL;;NON;Céramique;NULL;NULL;NULL;NON;NULL;NULL;NULL;NON;dossier : 99866008;NULL
BW_98786435;ADABweb;"Malterdingen, Pfannenstiel""""";Malterdingen;8316024;4326;7.8511416142;48.1680145388;7.8516414903;48.1683462379;0;non;Fouillé;Unique;Hallstatt indéterminé;Hallstatt indéterminé;Funéraire;Tumulus isolé;NULL;NULL;;NON;NULL;NULL;NULL;NULL;NON;NULL;NULL;NULL;NON;dossier : 98786435;NULL
BW_97018379;ADABweb;"Hinterdorfstrasse 2, Hecklingen, Ortsetter"", Kath. Kirche""";Kenzingen;8316020;4326;7.7699251721;48.1707801269;7.7703488645;48.1709443757;0;non;Littérature prospecté;Unique;Mérovingien;Mérovingien;Funéraire;Tombe plate isolée;Non renseigné;Architecture de pierre;;NON;NULL;NULL;NULL;NULL;NON;NULL;NULL;NULL;NON;"Hoeper, M.: Alamannische Siedlungsgeschichte im Breisgau, 2001, 236-237.
Römer und Alamannen im Breisgau 1994, 80. 
Garscha, Alamannen 1970, 85.
Bad. Fber. 17, 1941-47, 345.
Die Kunstdenkmäler Badens, Bd. VI, 1904. 
 ; Dossier : 97018379";NULL
BW_96972038;ADABweb;"Bombach, Bei Vogtes Kreuz / Römersträssle""""";Kenzingen;8316020;4326;7.8143259717;48.1817917609;7.8419879954;48.1884375662;0;non;Littérature prospecté;Unique;Gallo-romain indéterminé;Gallo-romain indéterminé;Voie;NULL;NULL;NULL;;NON;NULL;NULL;NULL;NULL;NON;NULL;NULL;NULL;NON;"Bad. Fundber. I, 1925-1928; bes. 364 - 365
Bad. Fundber., 1941-1947, 366. ; Dossier : 96972038";NULL
BW_99562106;ADABweb;"Kenzingen, Ladhof""""";Kenzingen;8316020;4326;7.7635122143;48.1938949243;7.7635122143;48.1938949243;0;non;Littérature prospecté;Unique;Moyen-âge;Moyen-âge;NULL;NULL;NULL;NULL;;NON;NULL;NULL;NULL;NULL;NON;NULL;NULL;NULL;NON;dossier : 99562106;NULL
BW_99562093;ADABweb;"Kenzingen, Breitenfeld""""";Kenzingen;8316020;4326;7.7642869578;48.2063292087;7.7642869578;48.2063292087;0;non;Littérature prospecté;Unique;Gallo-romain indéterminé;Gallo-romain indéterminé;NULL;NULL;NULL;NULL;;NON;NULL;NULL;NULL;NULL;NON;NULL;NULL;NULL;NON;dossier : 99562093;NULL
BW_96957009;ADABweb;Kenzingen;Kenzingen;8316020;4326;7.7358259737;48.2003513921;7.7358259737;48.2003513921;0;oui;Littérature prospecté;Unique;Indéterminé;Indéterminé;Funéraire;Tumulus isolé;NULL;NULL;;NON;NULL;NULL;NULL;NULL;NON;NULL;NULL;NULL;NON;dossier : L7712/104-01;NULL
BW_96985160;ADABweb;Kenzingen;Kenzingen;8316020;4326;7.7602883599;48.1980441564;7.7602883599;48.1980441564;0;oui;Littérature prospecté;Unique;Indéterminé;Indéterminé;Habitat;Indéterminé;Fossé;NULL;;NON;NULL;NULL;NULL;NULL;NON;NULL;NULL;NULL;NON;dossier : L7912/149-01;NULL
BW_99562171;ADABweb;Hecklingen;Kenzingen;8316020;4326;7.7576475447;48.1628824298;7.7576475447;48.1628824298;0;non;Sondé;Unique;Gallo-romain indéterminé;Gallo-romain indéterminé;Habitat;Indéterminé;NULL;NULL;;NON;NULL;NULL;NULL;NULL;NON;NULL;NULL;NULL;NON;dossier : 8-1-100;NULL
BW_96972036;ADABweb;"Broggingen, Ortsetter""""";Herbolzheim;8316017;4326;7.830178898;48.2175720459;7.8311022698;48.2180868624;0;non;Littérature prospecté;Unique;La Tène indéterminée;La Tène indéterminée;NULL;NULL;NULL;NULL;;NON;Céramique;NULL;NULL;NULL;NON;NULL;NULL;NULL;NON;"Bad. Fundber. 20, 1956, 274 ; Dossier : 96972036";NULL
BW_96972027;ADABweb;"Bleichheim, Rebeneck """"";Herbolzheim;8316017;4326;7.8130425042;48.211322578;7.8279656437;48.2162431854;0;non;Littérature prospecté;Unique;Néolithique;Néolithique;Habitat;Indéterminé;NULL;NULL;;NON;NULL;NULL;NULL;NULL;NON;NULL;NULL;NULL;NON;"Dieckmann, B. Mittel- und Jungneolithikum, 1991, Taf. 1-22.
Arch. Nachr. Baden 8, 1972, 3 - 6.
Fundber. Baden-Württemberg 17/2, 1992; bes. 38. ; Dossier : 96972027";NULL
BW_96972030;ADABweb;"Bleichheim, Pfarräcker""""";Herbolzheim;8316017;4326;7.8228237773;48.2064691993;7.8251945992;48.2073403958;0;non;Littérature prospecté;Unique;Gallo-romain indéterminé;Gallo-romain indéterminé;Funéraire;indéterminé;NULL;NULL;;NON;NULL;NULL;NULL;NULL;NON;NULL;NULL;NULL;NON;"Bad. Fundber. 20, 1956, 275. ; Dossier : 96972030";NULL
BW_96972031;ADABweb;"Bleichheim, Jochriemen / Im Eck""""";Herbolzheim;8316017;4326;7.817873054;48.2127297755;7.8218263009;48.2142185894;0;non;Littérature prospecté;Unique;Bronze moyen;Bronze moyen;Habitat;Indéterminé;NULL;NULL;;NON;NULL;NULL;NULL;NULL;NON;NULL;NULL;NULL;NON;dossier : 96972031;NULL
BW_96972028;ADABweb;"Bleichheim, Jochriemen / Im Eck""""";Herbolzheim;8316017;4326;7.8143046048;48.2128068553;7.8194464593;48.214205399;0;non;Littérature prospecté;Unique;Mérovingien;Mérovingien;Funéraire;Tombe plate isolé;NULL;NULL;;NON;NULL;NULL;NULL;NULL;NON;NULL;NULL;NULL;NON;dossier : 96972028;NULL
BW_96972029;ADABweb;"Bleichheim, Hohgässle""""";Herbolzheim;8316017;4326;7.8222540038;48.2127622034;7.8243401863;48.2137012065;0;non;Littérature prospecté;Unique;La Tène indéterminée;La Tène indéterminée;Funéraire;NULL;NULL;NULL;;NON;NULL;NULL;NULL;NULL;NON;NULL;NULL;NULL;NON;"Fundber. Baden-Württemberg 10, 1985; bes. 511 - 512 ; Dossier : 96972029";NULL
BW_97018367;ADABweb;"Wagenstadt, Breite""""";Herbolzheim;8316017;4326;7.7740688124;48.2088087665;7.7740688124;48.2088087665;0;oui;Littérature prospecté;Unique;Indéterminé;Indéterminé;Habitat;Indéterminé;Fossé;NULL;;NON;NULL;NULL;NULL;NULL;NON;NULL;NULL;NULL;NON;dossier : L7712/056-01;NULL
BW_96999937;ADABweb;"Tutschfelden, Ried""""";Herbolzheim;8316017;4326;7.8037153749;48.2132041509;7.8037153749;48.2132041509;0;oui;Littérature prospecté;Unique;Indéterminé;Indéterminé;Funéraire;Tumulus isolé;NULL;NULL;;NON;NULL;NULL;NULL;NULL;NON;NULL;NULL;NULL;NON;dossier : L7712/012-01;NULL
BW_102875326;ADABweb;"Bergstrasse 1, Herbolzheim, Ortsetter""""";Herbolzheim;8316017;4326;7.7750080153;48.2185773444;7.780616334;48.2242010402;0;non;Littérature prospecté;Unique;Moyen-âge;Moyen-âge;Habitat;Indéterminé;NULL;NULL;;NON;NULL;NULL;NULL;NULL;NON;NULL;NULL;NULL;NON;"Jenisch, Stadtkataster Herbolzheim (2005). ; Dossier : 102875326";NULL
BW_102875239;ADABweb;"Schmiedstrasse 20, Herbolzheim, Ortsetter"", Tennenbacher Hof""";Herbolzheim;8316017;4326;7.7751384156;48.2216930748;7.7763165065;48.2223307227;0;non;Littérature prospecté;Unique;Moyen-âge;Moyen-âge;Rituel;Abbaye;NULL;NULL;;NON;NULL;NULL;NULL;NULL;NON;NULL;NULL;NULL;NON;"Jenisch, Stadtkataster Herbolzheim (2005) 78f. ; Dossier : 102875239";Cour de cloître
BW_102882808;ADABweb;"Rheinhausenstrasse 36, Herbolzheim, Mittel Immele""""";Herbolzheim;8316017;4326;7.750143251;48.2256783851;7.7624489361;48.2329463392;0;non;Littérature prospecté;Unique;Fer indéterminé;Fer indéterminé;Habitat;Indéterminé;NULL;NULL;;NON;NULL;NULL;NULL;NULL;NON;NULL;NULL;NULL;NON;dossier : 102882808;NULL
BW_102879460;ADABweb;"Landsiedlung 5, Herbolzheim, Niederwald""""";Herbolzheim;8316017;4326;7.7527900235;48.2352878514;7.7591207536;48.2399134021;0;non;Littérature prospecté;Unique;Gallo-romain indéterminé;Gallo-romain indéterminé;Habitat;Indéterminé;NULL;NULL;;NON;NULL;NULL;NULL;NULL;NON;NULL;NULL;NULL;NON;dossier : 102879460;NULL
BW_102879500;ADABweb;"Landsiedlung 1, Herbolzheim, Mittel Immele""""";Herbolzheim;8316017;4326;7.7515002191;48.2323953891;7.7605956781;48.2354232695;0;non;Littérature prospecté;Unique;Fer indéterminé;Fer indéterminé;Habitat;Indéterminé;NULL;NULL;;NON;NULL;NULL;NULL;NULL;NON;NULL;NULL;NULL;NON;dossier : 102879500;NULL
BW_102883046;ADABweb;Im Maria Sand 4, Herbolzheim, Kapelle Maria im Sand;Herbolzheim;8316017;4326;7.7613067015;48.2152823985;7.7630434384;48.2158409815;0;non;Littérature prospecté;Unique;Moyen-âge;Moyen-âge;Rituel;Eglise;NULL;NULL;;NON;NULL;NULL;NULL;NULL;NON;NULL;NULL;NULL;NON;dossier : 102883046;Chapelle
BW_102879138;ADABweb;"Herbolzheim, Unter Immele""""";Herbolzheim;8316017;4326;7.7459520858;48.2349957772;7.7536000954;48.2400683213;0;non;Littérature prospecté;Unique;Bronze final;Bronze final;Habitat;Indéterminé;NULL;NULL;;NON;NULL;NULL;NULL;NULL;NON;NULL;NULL;NULL;NON;dossier : 102879138;NULL
BW_102879280;ADABweb;"Herbolzheim, Unter Immele""""";Herbolzheim;8316017;4326;7.749059132;48.2321792546;7.7520625904;48.236014318;0;non;Littérature prospecté;Unique;Gallo-romain indéterminé;Gallo-romain indéterminé;Habitat;Indéterminé;NULL;NULL;;NON;NULL;NULL;NULL;NULL;NON;NULL;NULL;NULL;NON;dossier : 102879280;NULL
BW_99464759;ADABweb;"Herbolzheim, Unteres Immele""""";Herbolzheim;8316017;4326;7.7488689142;48.2374854219;7.7488689142;48.2374854219;0;non;Littérature prospecté;Unique;Fer indéterminé;Fer indéterminé;NULL;NULL;NULL;NULL;;NON;NULL;NULL;NULL;NULL;NON;NULL;NULL;NULL;NON;dossier : 99464759;NULL
BW_99464427;ADABweb;"Herbolzheim, Ober Immele""""";Herbolzheim;8316017;4326;7.7517602518;48.2289389585;7.7578615721;48.2336436488;0;non;Littérature prospecté;Unique;Fer indéterminé;Fer indéterminé;NULL;NULL;NULL;NULL;;NON;NULL;NULL;NULL;NULL;NON;NULL;NULL;NULL;NON;dossier : 99464427;NULL
BW_102883064;ADABweb;"Herbolzheim, Obere Allmend""""";Herbolzheim;8316017;4326;7.7600277766;48.2088158669;7.7664141614;48.2140033331;0;non;Littérature prospecté;Unique;Moyen-âge;Moyen-âge;Habitat;Indéterminé;NULL;NULL;;NON;NULL;NULL;NULL;NULL;NON;NULL;NULL;NULL;NON;dossier : 102883064;NULL
BW_99478483;ADABweb;"Herbolzheim, Niederwald""""";Herbolzheim;8316017;4326;7.7527797278;48.2354604079;7.7545609939;48.2371862302;0;non;Sondé;Unique;La Tène indéterminée;La Tène indéterminée;Habitat;Indéterminé;NULL;NULL;;NON;NULL;NULL;NULL;NULL;NON;NULL;NULL;NULL;NON;dossier : 99478483;NULL
BW_102884520;ADABweb;"Herbolzheim, Mittelberg""""";Herbolzheim;8316017;4326;7.7870020796;48.2197256317;7.7892172064;48.2215986227;0;non;Littérature prospecté;Unique;Moyen-âge;Moyen-âge;Habitat;Indéterminé;NULL;NULL;;NON;NULL;NULL;NULL;NULL;NON;NULL;NULL;NULL;NON;dossier : 102884520;Habitat abandonné
BW_102878990;ADABweb;"Herbolzheim, Klein Wehrle"", Baurenmühle""";Herbolzheim;8316017;4326;7.7706205104;48.2142765214;7.7720354187;48.2148497441;0;non;Littérature prospecté;Unique;Moyen-âge;Moyen-âge;NULL;NULL;NULL;NULL;;NON;NULL;NULL;NULL;NULL;NON;Pierre;Atelier;Meule;NON;dossier : 102878990;Moulin
BW_99464164;ADABweb;"Herbolzheim, Immele ( Mittleres/ Oberes)""""";Herbolzheim;8316017;4326;7.7538214925;48.2327393054;7.7553951493;48.2338221821;0;non;Littérature prospecté;Unique;Fer indéterminé;Fer indéterminé;NULL;NULL;NULL;NULL;;NON;NULL;NULL;NULL;NULL;NON;NULL;NULL;NULL;NON;dossier : 99464164;NULL
BW_102865303;ADABweb;"Herbolzheim, Hüttenbühl""""";Herbolzheim;8316017;4326;7.7826361695;48.2247810026;7.7833787169;48.2255558899;0;non;Littérature prospecté;Unique;Moyen-âge;Moyen-âge;NULL;NULL;NULL;NULL;;NON;NULL;NULL;NULL;NULL;NON;NULL;NULL;NULL;NON;"Jenisch, Stadtkatster Herbolzheim (2005) 59f.
Burgen des mittelalterlichen Breisgaus I.1 (2003) 195f. ; Dossier : 102865303";NULL
BW_97018376;ADABweb;"Herbolzheim, Hüttenbühl""""";Herbolzheim;8316017;4326;7.7823175086;48.2247236488;7.7836362267;48.2258444814;0;non;Littérature prospecté;Unique;Moyen-âge;Moyen-âge;Habitat;Fortifié;Château;NULL;;NON;NULL;NULL;NULL;NULL;NON;NULL;NULL;NULL;NON;"Jenisch, Stadtkataster Herbolzheim (2005) 59f.
Burgen des mittelalterlichen Breisgaus I.1 (2003) 195f. ; Dossier : 97018376";NULL
BW_102879302;ADABweb;"Herbolzheim, Hinter dem Wald""""";Herbolzheim;8316017;4326;7.745512837;48.2284052462;7.7505317722;48.2318357732;0;non;Littérature prospecté;Unique;Gallo-romain indéterminé;Gallo-romain indéterminé;Habitat;Indéterminé;NULL;NULL;;NON;NULL;NULL;NULL;NULL;NON;NULL;NULL;NULL;NON;dossier : 102879302;NULL
BW_102782236;ADABweb;"Herbolzheim, Hinter dem Wald""""";Herbolzheim;8316017;4326;7.7479021659;48.2292713398;7.7491553974;48.231019011;0;non;Littérature prospecté;Unique;Gallo-romain indéterminé;Gallo-romain indéterminé;NULL;NULL;NULL;NULL;;NON;NULL;NULL;NULL;NULL;NON;NULL;NULL;NULL;NON;"Weber-Jenisch 2004. ; Dossier : 102782236";NULL
BW_96984558;ADABweb;"Herbolzheim, Grüne""""";Herbolzheim;8316017;4326;7.7725825068;48.2307414519;7.7725825068;48.2307414519;0;oui;Littérature prospecté;Unique;Indéterminé;Indéterminé;Voie;NULL;NULL;NULL;;NON;NULL;NULL;NULL;NULL;NON;NULL;NULL;NULL;NON;dossier : L7712/095-01;NULL
BW_102883321;ADABweb;"Herbolzheim, Grüne""""";Herbolzheim;8316017;4326;7.7706490402;48.2292956185;7.7743520789;48.2313668451;0;non;Littérature prospecté;Unique;Indéterminé;Indéterminé;Voie;NULL;NULL;NULL;;NON;NULL;NULL;NULL;NULL;NON;NULL;NULL;NULL;NON;dossier : 102883321;NULL
BW_100463826;ADABweb;"Herbolzheim, Grüne""""";Herbolzheim;8316017;4326;7.7689534293;48.2268217037;7.7689534293;48.2268217037;0;non;Fouillé;Unique;Vérifier en remarque;Vérifier en remarque;NULL;NULL;NULL;NULL;;NON;Lithique;Silex;NULL;NULL;NON;NULL;NULL;NULL;NON;dossier : 100463826;NULL
BW_102883405;ADABweb;"Herbolzheim, Grüne""""";Herbolzheim;8316017;4326;7.7688134062;48.2259484161;7.7728191179;48.2280100938;0;non;Littérature prospecté;Unique;Mérovingien;Mérovingien;Funéraire;Nécropole tombes plates;NULL;NULL;;NON;NULL;NULL;NULL;NULL;NON;NULL;NULL;NULL;NON;dossier : 102883405;NULL
BW_102879402;ADABweb;"Herbolzheim, Fischau""""";Herbolzheim;8316017;4326;7.7434338336;48.2199332929;7.7483303826;48.2250504281;0;non;Littérature prospecté;Unique;Hallstatt indéterminé;Hallstatt indéterminé;Habitat;Indéterminé;NULL;NULL;;NON;NULL;NULL;NULL;NULL;NON;NULL;NULL;NULL;NON;dossier : 102879402;NULL
BW_102883539;ADABweb;"Herbolzheim, Baurenmühle""""";Herbolzheim;8316017;4326;7.7665762815;48.2115201672;7.7701795834;48.2144419503;0;non;Littérature prospecté;Unique;Fer indéterminé;Fer indéterminé;Funéraire;Tumulus isolé;NULL;NULL;;NON;NULL;NULL;NULL;NULL;NON;NULL;NULL;NULL;NON;dossier : 102883539;NULL
BW_99562119;ADABweb;"Herbolzheim, Baurenmühle""""";Herbolzheim;8316017;4326;7.7691766289;48.2120179729;7.7691766289;48.2120179729;0;non;Littérature prospecté;Unique;Gallo-romain indéterminé;Gallo-romain indéterminé;NULL;NULL;NULL;NULL;;NON;NULL;NULL;NULL;NULL;NON;NULL;NULL;NULL;NON;dossier : 99562119;NULL
BW_102883256;ADABweb;"Herbolzheim, Am neuen Brunnen""""";Herbolzheim;8316017;4326;7.7694652984;48.2332621079;7.771061979;48.2353661426;0;non;Littérature prospecté;Unique;Néolithique;Néolithique;Habitat;Indéterminé;NULL;NULL;;NON;NULL;NULL;NULL;NULL;NON;NULL;NULL;NULL;NON;dossier : 102883256;NULL
BW_100463924;ADABweb;"Herbolzheim, Am neuen Brunnen""""";Herbolzheim;8316017;4326;7.7700595815;48.2346325714;7.7700595815;48.2346325714;0;non;Fouillé;Unique;Vérifier en remarque;Vérifier en remarque;NULL;NULL;NULL;NULL;;NON;Lithique;Silex;NULL;NULL;NON;NULL;NULL;NULL;NON;dossier : 100463924;NULL
BW_99463927;ADABweb;"Herbolzheim, Allmend Spitz""""";Herbolzheim;8316017;4326;7.7565451544;48.2221229876;7.7565451544;48.2221229876;0;non;Littérature prospecté;Unique;Néolithique;Néolithique;NULL;NULL;NULL;NULL;;NON;NULL;NULL;NULL;NULL;NON;NULL;NULL;NULL;NON;dossier : 99463927;NULL
BW_97018368;ADABweb;Herbolzheim;Herbolzheim;8316017;4326;7.7533105443;48.2264285593;7.7533105443;48.2264285593;0;oui;Littérature prospecté;Unique;Indéterminé;Indéterminé;Habitat;Isolé;Villa;NULL;;NON;NULL;NULL;NULL;NULL;NON;NULL;NULL;NULL;NON;dossier : L7712/057-01;NULL
BW_96996575;ADABweb;Herbolzheim;Herbolzheim;8316017;4326;7.7930530229;48.2297350811;7.7930530229;48.2297350811;0;oui;Littérature prospecté;Unique;Indéterminé;Indéterminé;Habitat;Indéterminé;NULL;NULL;;NON;NULL;NULL;NULL;NULL;NON;NULL;NULL;NULL;NON;dossier : L7712/097-01;NULL
BW_96984461;ADABweb;Herbolzheim;Herbolzheim;8316017;4326;7.7480776333;48.2354146103;7.7480776333;48.2354146103;0;oui;Littérature prospecté;Unique;Indéterminé;Indéterminé;Habitat;Indéterminé;NULL;NULL;;NON;NULL;NULL;NULL;NULL;NON;NULL;NULL;NULL;NON;dossier : L7712/002-02;NULL
BW_96984526;ADABweb;Herbolzheim;Herbolzheim;8316017;4326;7.7499767623;48.2215583696;7.7499767623;48.2215583696;0;oui;Littérature prospecté;Unique;Indéterminé;Indéterminé;Formation superficielle;NULL;NULL;NULL;;NON;NULL;NULL;NULL;NULL;NON;NULL;NULL;NULL;NON;dossier : L7712/057-02;NULL
BW_96984462;ADABweb;Herbolzheim;Herbolzheim;8316017;4326;7.7457096161;48.2353618182;7.7457096161;48.2353618182;0;oui;Littérature prospecté;Unique;Indéterminé;Indéterminé;Habitat;Indéterminé;Fossé;NULL;;NON;NULL;NULL;NULL;NULL;NON;NULL;NULL;NULL;NON;dossier : L7712/002-03;NULL
BW_96994890;ADABweb;Herbolzheim;Herbolzheim;8316017;4326;7.7525802706;48.2307240067;7.7525802706;48.2307240067;0;oui;Littérature prospecté;Unique;Indéterminé;Indéterminé;Habitat;Indéterminé;Fossé;NULL;;NON;NULL;NULL;NULL;NULL;NON;NULL;NULL;NULL;NON;dossier : L7712/002-04;NULL
BW_102875133;ADABweb;"Hauptstrasse 101, Herbolzheim, Ortsetter"", Kirche St. Alexius""";Herbolzheim;8316017;4326;7.778716788;48.2186016172;7.7799161404;48.2194458648;0;non;Littérature prospecté;Unique;Moyen-âge;Moyen-âge;Rituel;Eglise;NULL;NULL;;NON;NULL;NULL;NULL;NULL;NON;NULL;NULL;NULL;NON;"Jenisch, Stadtkataster Herbolzheim (2005) 9 und 53 Fst. 28. 81f. ; Dossier : 102875133";NULL
BW_98299599;ADABweb;Hauptstrasse 99, St. Alexiuskirche;Herbolzheim;8316017;4326;7.7792421437;48.2190683067;7.7796295324;48.2192322238;0;non;Fouillé;Unique;Moyen-âge;Moyen-âge;Rituel;Eglise;NULL;NULL;;NON;NULL;NULL;NULL;NULL;NON;NULL;NULL;NULL;NON;dossier : HERB012M;NULL
BW_98299233;ADABweb;Hauptstrasse 99, Pfarrkirche St. Alexius;Herbolzheim;8316017;4326;7.77962528;48.2190123434;7.7798890325;48.2193498381;0;non;Fouillé;Unique;Moyen-âge;Moyen-âge;Rituel;Eglise;NULL;NULL;;NON;NULL;NULL;NULL;NULL;NON;NULL;NULL;NULL;NON;dossier : HERB007M;NULL
BW_102875184;ADABweb;"Hauptstrasse 76, Herbolzheim, Ortsetter"", Strassburger Hof""";Herbolzheim;8316017;4326;7.7778715442;48.2185465581;7.7789755855;48.2193486446;0;non;Littérature prospecté;Unique;Moyen-âge;Moyen-âge;Habitat;Isolé;NULL;NULL;;NON;NULL;NULL;NULL;NULL;NON;NULL;NULL;NULL;NON;"Jenisch, Stadtkataster Herbolzheim (2005) 73. ; Dossier : 102875184";Ferme d'un statut élevé
BW_98299646;ADABweb;Hauptstrasse 42;Herbolzheim;8316017;4326;7.7773823676;48.2217751891;7.7774962178;48.2218422292;0;non;Fouillé;Unique;Indéterminé;Indéterminé;NULL;NULL;NULL;NULL;;NON;NULL;NULL;NULL;NULL;NON;Aménagement hydraulique;Puits;NULL;NON;dossier : HERB014M;NULL
BW_97018374;ADABweb;Hauptstrasse 24, Herbolzheim, Margaretenkapelle;Herbolzheim;8316017;4326;7.777388493;48.2230711105;7.7776680688;48.2231901221;0;non;Littérature prospecté;Unique;Moyen-âge;Moyen-âge;Rituel;Eglise;NULL;NULL;;NON;NULL;NULL;NULL;NULL;NON;NULL;NULL;NULL;NON;dossier : 97018374;NULL
BW_98299523;ADABweb;Hauptstrasse;Herbolzheim;8316017;4326;7.7773451539;48.2218872882;7.7775704395;48.2227652439;0;non;Fouillé;Unique;Moyen-âge;Moyen-âge;Funéraire;indéterminé;NULL;NULL;;NON;NULL;NULL;NULL;NULL;NON;NULL;NULL;NULL;NON;dossier : HERB011M;NULL
BW_98299214;ADABweb;Grünestrasse;Herbolzheim;8316017;4326;7.7707470096;48.2235579633;7.7710749733;48.2259440379;0;non;Fouillé;Unique;Mérovingien récent;Mérovingien récent;Funéraire;NULL;NULL;NULL;;NON;NULL;NULL;NULL;NULL;NON;NULL;NULL;NULL;NON;dossier : HERB006M;Cimetière
BW_99471185;ADABweb;"Broggingen, Rimersbrunnen""""";Herbolzheim;8316017;4326;7.8343905311;48.2327291402;7.8372269961;48.2343098412;0;non;Sondé;Unique;Gallo-romain indéterminé;Gallo-romain indéterminé;Habitat;Indéterminé;NULL;NULL;;NON;NULL;NULL;NULL;NULL;NON;NULL;NULL;NULL;NON;dossier : 99471185;NULL
BW_100408854;ADABweb;"Broggingen, Rimersbrunnen""""";Herbolzheim;8316017;4326;7.8347247393;48.2326939636;7.8372959733;48.2343118278;0;non;Littérature prospecté;Unique;Fer indéterminé;Fer indéterminé;NULL;NULL;NULL;NULL;;NON;NULL;NULL;NULL;NULL;NON;NULL;NULL;NULL;NON;dossier : 100408854;NULL
BW_102874423;ADABweb;"Bleichheim, Kirnhalde""""";Herbolzheim;8316017;4326;7.838377651;48.2054881968;7.838377651;48.2054881968;0;non;Littérature prospecté;Unique;Moyen-âge;Moyen-âge;NULL;NULL;NULL;NULL;;NON;NULL;NULL;NULL;NULL;NON;Métal;Extraction;NULL;NON;dossier : 102874423;Ecroulement
BW_102875061;ADABweb;"Bleichheim, Kirnhalde""""";Herbolzheim;8316017;4326;7.8376114121;48.2044118391;7.8390137998;48.2059745146;0;non;Littérature prospecté;Unique;Moyen-âge;Moyen-âge;NULL;NULL;NULL;NULL;;NON;NULL;NULL;NULL;NULL;NON;Métal;Extraction;NULL;NON;dossier : 102875061;NULL
BW_102875015;ADABweb;"Bleichheim, Kammergraben""""";Herbolzheim;8316017;4326;7.8329218643;48.2028573301;7.8338213505;48.2045550487;0;non;Littérature prospecté;Unique;Moyen-âge;Moyen-âge;NULL;NULL;NULL;NULL;;NON;NULL;NULL;NULL;NULL;NON;Métal;Extraction;NULL;NON;dossier : 102875015;NULL
BW_102809926;ADABweb;"Bleichheim, Kammergraben""""";Herbolzheim;8316017;4326;7.833247863;48.2032144986;7.8333662298;48.2037190642;0;non;Littérature prospecté;Unique;Moyen-âge;Moyen-âge;NULL;NULL;NULL;NULL;;NON;NULL;NULL;NULL;NULL;NON;Métal;Extraction;NULL;NON;dossier : 102809926;NULL
BW_103024837;ADABweb;"Freiamt, Tennenbach""""";Freiamt;8316054;4326;7.8974947222;48.144936343;7.8979051639;48.1464250023;0;non;Littérature prospecté;Unique;Moyen-âge;Moyen-âge;Rituel;Abbaye;NULL;NULL;;NON;NULL;NULL;NULL;NULL;NON;NULL;NULL;NULL;NON;dossier : 103024837;Monastère
BW_103024674;ADABweb;"Freiamt, Tennenbach""""";Freiamt;8316054;4326;7.8956037603;48.1446987125;7.8978372825;48.1465518527;0;non;Littérature prospecté;Unique;Moyen-âge;Moyen-âge;Rituel;Abbaye;NULL;NULL;;NON;NULL;NULL;NULL;NULL;NON;NULL;NULL;NULL;NON;dossier : 103024674;Monastère
BW_103009092;ADABweb;"Forchheim, Erster Bruckacker""""";Forchheim;8316013;4326;7.7047600737;48.1664367669;7.7064647916;48.1678642812;0;non;Littérature prospecté;Unique;Mérovingien;Mérovingien;Funéraire;Nécropole tombes plates;NULL;NULL;;NON;NULL;NULL;NULL;NULL;NON;NULL;NULL;NULL;NON;"Fundber. Baden-Württ. 26, 2002, 152-153
Hoeper, M.: Allemannische Siedlungsgeschichte... 2001, 224-225.
Römer und Allemannen im Breisgau 1994, 77.
Garscha, Alamannen 1970, 52-53.
Bad. Fundber. 16, 1940, 24/34?.
Germania 19, 1935, 339.
Bad. Fundber. III, 1933-1936, 389.
Wagner I, 1908, 200-201, Nr. 332.
Westdt. Museographie XXV, 1906, 426.
Freiburger Zeitung , 29.12.1904.
Kaiserstühler Nachrichten, 24.12.1904.
 ; Dossier : 103009092";NULL
BW_103009901;ADABweb;"Lindenbrunnenweg 3, Forchheim, Erster Bruckacker""""";Forchheim;8316013;4326;7.7038115096;48.1658574173;7.7057887838;48.1670190925;0;non;Littérature prospecté;Unique;Indéterminé;Indéterminé;Habitat;Indéterminé;Fossé;NULL;;NON;NULL;NULL;NULL;NULL;NON;NULL;NULL;NULL;NON;"Bad. Fundber. III, 1934, 152. ; Dossier : 103009901";NULL
BW_103009828;ADABweb;"Forchheim, zw. Harderer Buck und alter Kiesgrube""""";Forchheim;8316013;4326;7.6990747793;48.176442738;7.6990747793;48.176442738;0;non;Littérature prospecté;Unique;Fer indéterminé;Fer indéterminé;NULL;NULL;NULL;NULL;;NON;NULL;NULL;NULL;NULL;NON;NULL;NULL;NULL;NON;"Bad. Fundber. III, 1933-1936, 185f. ; Dossier : 103009828";NULL
BW_96984999;ADABweb;"Forchheim, Wyhler Rank""""";Forchheim;8316013;4326;7.6805317225;48.161051639;7.6805317225;48.161051639;0;oui;Littérature prospecté;Unique;Indéterminé;Indéterminé;NULL;NULL;NULL;NULL;;NON;NULL;NULL;NULL;NULL;NON;NULL;NULL;NULL;NON;dossier : L7912/025-02;NULL
BW_103023877;ADABweb;"Forchheim, Wyhler Rank""""";Forchheim;8316013;4326;7.6774399587;48.161245129;7.6827208622;48.1632262997;0;non;Littérature prospecté;Unique;Indéterminé;Indéterminé;NULL;NULL;NULL;NULL;;NON;NULL;NULL;NULL;NULL;NON;NULL;NULL;NULL;NON;dossier : 103023877;NULL
BW_103010196;ADABweb;"Forchheim, Wolfsgrubenschlag""""";Forchheim;8316013;4326;7.7362967838;48.1863462703;7.7373849509;48.1868968882;0;non;Littérature prospecté;Unique;Néolithique;Néolithique;Habitat;Indéterminé;NULL;NULL;;NON;NULL;NULL;NULL;NULL;NON;NULL;NULL;NULL;NON;"Bad. Fundber. 19, 1951, 122f.
Bad. Fundber. 20, 1956, 178. ; Dossier : 103010196";NULL
BW_103009648;ADABweb;"Forchheim, Weisweiler Strasse / Hurst""""";Forchheim;8316013;4326;7.6934846785;48.1714935757;7.6934846785;48.1714935757;0;non;Littérature prospecté;Unique;Fer indéterminé;Fer indéterminé;NULL;NULL;NULL;NULL;;NON;NULL;NULL;NULL;NULL;NON;NULL;NULL;NULL;NON;"Bad. Fundber. III, 1933-1936, 185. ; Dossier : 103009648";NULL
BW_103009787;ADABweb;"Forchheim, Petersmatt / nördl. Neuer Brunnen""""";Forchheim;8316013;4326;7.6907106337;48.1762004504;7.6917127708;48.1769669816;0;non;Littérature prospecté;Unique;Fer indéterminé;Fer indéterminé;NULL;NULL;NULL;NULL;;NON;NULL;NULL;NULL;NULL;NON;NULL;NULL;NULL;NON;"Bad. Fundber. III, 1933-1936, 185f.  ; Dossier : 103009787";NULL
BW_103009545;ADABweb;"Forchheim, Niemandsplätzle / Salzweg""""";Forchheim;8316013;4326;7.7216901064;48.1733225637;7.7216901064;48.1733225637;0;non;Littérature prospecté;Unique;Gallo-romain indéterminé;Gallo-romain indéterminé;NULL;NULL;NULL;NULL;;NON;NULL;NULL;NULL;NULL;NON;NULL;NULL;NULL;NON;"Bad. Fundber. III, 1933-1936, 195. ; Dossier : 103009545";NULL
BW_96985145;ADABweb;"Forchheim, Muhrmatten""""";Forchheim;8316013;4326;7.6801107103;48.1649805978;7.6801107103;48.1649805978;0;oui;Littérature prospecté;Unique;Indéterminé;Indéterminé;Habitat;Indéterminé;NULL;NULL;;NON;NULL;NULL;NULL;NULL;NON;NULL;NULL;NULL;NON;dossier : L7912/120-01;NULL
BW_102993566;ADABweb;"Forchheim, Muhrmatten""""";Forchheim;8316013;4326;7.6779915249;48.1630146503;7.682363747;48.1666735212;0;non;Littérature prospecté;Unique;Fer indéterminé;Fer indéterminé;Habitat;Indéterminé;NULL;NULL;;NON;NULL;NULL;NULL;NULL;NON;NULL;NULL;NULL;NON;dossier : 102993566;NULL
BW_103023400;ADABweb;"Forchheim, Muhrmatten""""";Forchheim;8316013;4326;7.67794511;48.1630706105;7.6865867621;48.1693977596;0;non;Littérature prospecté;Unique;Fer indéterminé;Fer indéterminé;Habitat;Indéterminé;NULL;NULL;;NON;NULL;NULL;NULL;NULL;NON;NULL;NULL;NULL;NON;dossier : 103023400;NULL
BW_103010093;ADABweb;"Forchheim, Lindenbrunnenbuck / Lindenbrunnenweg""""";Forchheim;8316013;4326;7.7130220184;48.1781494997;7.7141170461;48.1789278314;0;non;Littérature prospecté;Unique;Fer indéterminé;Fer indéterminé;Funéraire;Nécropole tombes plates;NULL;NULL;;NON;NULL;NULL;NULL;NULL;NON;NULL;NULL;NULL;NON;"Bad. Fundber. 16, 1940, 38.
M. Hoeper, Alamann. Besiedlungsgeschichte 2001, 223-225. ; Dossier : 103010093";NULL
BW_103009588;ADABweb;"Forchheim, Lindenbrunnenbuck""""";Forchheim;8316013;4326;7.711473692;48.1792064592;7.711473692;48.1792064592;0;non;Littérature prospecté;Unique;Fer indéterminé;Fer indéterminé;NULL;NULL;NULL;NULL;;NON;NULL;NULL;NULL;NULL;NON;NULL;NULL;NULL;NON;"Bad. Fundber. III, 1933-1936, 185. ; Dossier : 103009588";NULL
BW_102990633;ADABweb;"Forchheim, Innere Eich""""";Forchheim;8316013;4326;7.6970159693;48.1636990908;7.6981095842;48.1644983552;0;non;Littérature prospecté;Unique;Moyen-âge;Moyen-âge;Habitat;Indéterminé;NULL;NULL;;NON;NULL;NULL;NULL;NULL;NON;NULL;NULL;NULL;NON;dossier : 102990633;NULL
BW_102990230;ADABweb;"Forchheim, Hohen Anwanden / Hohen Anwander""""";Forchheim;8316013;4326;7.685265511;48.1683938366;7.685265511;48.1683938366;0;non;Littérature prospecté;Unique;Fer indéterminé;Fer indéterminé;NULL;NULL;NULL;NULL;;NON;NULL;NULL;NULL;NULL;NON;NULL;NULL;NULL;NON;dossier : 102990230;NULL
BW_102989542;ADABweb;"Forchheim, Hirschacker""""";Forchheim;8316013;4326;7.6863087809;48.1702778376;7.6876294898;48.170997329;0;non;Littérature prospecté;Unique;Fer indéterminé;Fer indéterminé;NULL;NULL;NULL;NULL;;NON;NULL;NULL;NULL;NULL;NON;NULL;NULL;NULL;NON;"Bad. Fundber. III, 1935, S.186, N. 110. ; Dossier : 102989542";NULL
BW_103009771;ADABweb;"Forchheim, Heckle""""";Forchheim;8316013;4326;7.6925144696;48.175263796;7.6925144696;48.175263796;0;non;Littérature prospecté;Unique;Hallstatt indéterminé;Hallstatt indéterminé;NULL;NULL;NULL;NULL;;NON;NULL;NULL;NULL;NULL;NON;NULL;NULL;NULL;NON;"Bad. Fundber. 1933-1936, 185f.
Rest, W., Diss, 1939, 158. ; Dossier : 103009771";NULL
BW_103009734;ADABweb;"Forchheim, Heckle""""";Forchheim;8316013;4326;7.6928812291;48.1747339795;7.6941831288;48.175500274;0;non;Littérature prospecté;Unique;Néolithique;Néolithique;NULL;NULL;NULL;NULL;;NON;NULL;NULL;NULL;NULL;NON;NULL;NULL;NULL;NON;"Bad. Fundber. III, 1933-1936, 185. ; Dossier : 103009734";NULL
BW_102990185;ADABweb;"Forchheim, Entenbühl""""";Forchheim;8316013;4326;7.694648084;48.1565874421;7.694648084;48.1565874421;0;non;Littérature prospecté;Unique;Moyen-âge;Moyen-âge;NULL;NULL;NULL;NULL;;NON;NULL;NULL;NULL;NULL;NON;NULL;NULL;NULL;NON;dossier : 102990185;NULL
BW_102989197;ADABweb;"Eichstrasse 9, Forchheim, Kässjerg / Innere Eich""""";Forchheim;8316013;4326;7.6966888335;48.1631189;7.6976314134;48.1636539993;0;non;Littérature prospecté;Unique;Moyen-âge VIIIe - IXe siècle;Moyen-âge VIIIe - IXe siècle;Habitat;Indéterminé;Fossé;NULL;;NON;NULL;NULL;NULL;NULL;NON;NULL;NULL;NULL;NON;dossier : 102989197;NULL
BW_96971992;ADABweb;"Bergstrasse 10, Amoltern, Ortsetter""""";Endingen;8316012;4326;7.6793626743;48.1275392582;7.6800377504;48.1279110896;0;non;Littérature prospecté;Unique;Mérovingien;Mérovingien;Funéraire;Tombe plate isolé;NULL;NULL;;NON;NULL;NULL;NULL;NULL;NON;NULL;NULL;NULL;NON;"Hoeper, Siedlungsgeschichte im Breisgau (2001) 182f. ; Dossier : 96971992";NULL
BW_96971990;ADABweb;"Amoltern, Wasserschaft""""";Endingen;8316012;4326;7.6770365719;48.1240728815;7.6780656475;48.1253465238;0;non;Littérature prospecté;Unique;Néolithique;Néolithique;Habitat;Indéterminé;NULL;NULL;;NON;NULL;NULL;NULL;NULL;NON;NULL;NULL;NULL;NON;"Fundber. BW 5, 1980, 17-19. ; Dossier : 96971990";NULL
BW_96971989;ADABweb;"Amoltern, Kleinspänle""""";Endingen;8316012;4326;7.681950046;48.1226564592;7.6831887209;48.1230691254;0;non;Littérature prospecté;Unique;Néolithique;Néolithique;Habitat;Indéterminé;NULL;NULL;;NON;NULL;NULL;NULL;NULL;NON;NULL;NULL;NULL;NON;"Fundber. BW 5, 1980, 17-19. ; Dossier : 96971989";NULL
BW_96971986;ADABweb;"Amoltern, Hagematten""""";Endingen;8316012;4326;7.6693199498;48.1340012794;7.6715649996;48.1364416759;0;non;Littérature prospecté;Unique;Fer indéterminé;Fer indéterminé;NULL;NULL;NULL;NULL;;NON;NULL;NULL;NULL;NULL;NON;NULL;NULL;NULL;NON;dossier : 96971986;NULL
BW_96971987;ADABweb;"Amoltern, Bürgleten""""";Endingen;8316012;4326;7.6686008506;48.1292120993;7.6701940908;48.1304436048;0;non;Littérature prospecté;Unique;Néolithique;Néolithique;Habitat;Indéterminé;NULL;NULL;;NON;NULL;NULL;NULL;NULL;NON;NULL;NULL;NULL;NON;"Fundber. BW 5, 1980, 17-19. ; Dossier : 96971987";NULL
BW_96971988;ADABweb;"Amoltern, Buchacker""""";Endingen;8316012;4326;7.6828769938;48.1207788182;7.6840769189;48.1217478631;0;non;Littérature prospecté;Unique;Néolithique;Néolithique;Habitat;Indéterminé;NULL;NULL;;NON;NULL;NULL;NULL;NULL;NON;NULL;NULL;NULL;NON;"Fundber. BW 5, 1980, 17-19. ; Dossier : 96971988";NULL
BW_100116982;ADABweb;Wilhelmshöfe 9, Endingen, Baumschule Stertz;Endingen;8316012;4326;7.7165149133;48.1487297935;7.7187820658;48.150024828;0;non;Fouillé;Continue;Bronze indéterminé;Fer indéterminé;NULL;NULL;NULL;NULL;;NON;Céramique;NULL;NULL;NULL;NON;NULL;NULL;NULL;NON;"0 ; Dossier : --";NULL
BW_97018353;ADABweb;"Langstrasse, Endingen, Niederdorf""""";Endingen;8316012;4326;7.7050352723;48.1456789547;7.7057027006;48.1460241656;0;non;Littérature prospecté;Unique;Moyen-âge VIIIe - IXe siècle;Moyen-âge VIIIe - IXe siècle;Habitat;Ouvert;Village hameau;NULL;;NON;NULL;NULL;NULL;NULL;NON;NULL;NULL;NULL;NON;dossier : ENDI004M;NULL
BW_102417691;ADABweb;"Endingen, Burkhardenkreuz""""";Endingen;8316012;4326;7.6715834443;48.1519954833;7.6759765266;48.1531550865;0;non;Littérature prospecté;Unique;Bronze final;Bronze final;Habitat;Indéterminé;Fosse;NULL;;NON;NULL;NULL;NULL;NULL;NON;NULL;NULL;NULL;NON;dossier : 102417691;NULL
BW_99425593;ADABweb;"Kiechlinsbergen, Ockenberg""""";Endingen;8316012;4326;7.6602411045;48.121919436;7.6615967127;48.1229681982;0;non;Sondé;Unique;Néolithique;Néolithique;Habitat;Indéterminé;NULL;NULL;;NON;NULL;NULL;NULL;NULL;NON;NULL;NULL;NULL;NON;dossier : 99425593;NULL
BW_99425534;ADABweb;"Herrenstrasse 35, Kiechlinsbergen, Ortsetter""""";Endingen;8316012;4326;7.6572137582;48.1252921012;7.6579026065;48.1255622874;0;non;Sondé;Unique;La Tène indéterminée;La Tène indéterminée;Habitat;Indéterminé;NULL;NULL;;NON;NULL;NULL;NULL;NULL;NON;NULL;NULL;NULL;NON;"Bad. Fundber. 23, 1967, 251-258.
B. Röder, Frühlatenekeramik aus dem Breisgau (1995) 179; 208f.; 236f.; 252; 256; Taf. 63f. ; Dossier : 99425534";NULL
BW_96972016;ADABweb;"Bahlingen, Wihlbach / Wilgelstal""""";Bahlingen;8316002;4326;7.7195983816;48.1293306355;7.7203926027;48.1299581146;0;non;Littérature prospecté;Unique;Gallo-romain indéterminé;Gallo-romain indéterminé;Funéraire;Indéterminé;Incinération;NULL;;NON;NULL;NULL;NULL;NULL;NON;NULL;NULL;NULL;NON;"Bad. Fundber. I, 1925-28, 223f.
Festschrift Schumacher (1930) 35f. ; Dossier : 96972016";NULL
BW_96984978;ADABweb;Endingen;Endingen;8316012;4326;7.7182904394;48.1547763908;7.7182904394;48.1547763908;0;oui;Littérature prospecté;Unique;La Tène D;La Tène D;Habitat;Enclos;NULL;NULL;;NON;NULL;NULL;NULL;NULL;NON;NULL;NULL;NULL;NON;"Bittel/Schiek/Müller, Atlas (1990) 389 ; Dossier : L7912/016-06";"La base adab classe le Viereckschanze sous la rubrique ""Culte"""
BW_100117075;ADABweb;Endingen;Endingen;8316012;4326;7.6721825064;48.1524564065;7.6727868781;48.152805835;0;non;Fouillé;Unique;Bronze final;Bronze final;Habitat;Indéterminé;Fosse;NULL;;NON;NULL;NULL;NULL;NULL;NON;NULL;NULL;NULL;NON;"0 ; Dossier : --";NULL
BW_100090105;ADABweb;Elsässer Strasse 1, Endingen;Endingen;8316012;4326;7.6989224472;48.1469863533;7.7002158985;48.1474744558;0;non;Fouillé;Unique;Bronze indéterminé;Bronze indéterminé;NULL;NULL;NULL;NULL;;NON;Céramique;NULL;NULL;NULL;NON;NULL;NULL;NULL;NON;"0 ; Dossier : --";NULL
BW_96971668;ADABweb;"Windenreute, Brettenbach""""";Emmendingen;8316011;4326;7.8720769218;48.11221577;7.8728146214;48.1127886348;0;non;Littérature prospecté;Unique;La Tène indéterminée;La Tène indéterminée;Isolé;Dépôt;NULL;NULL;;NON;NULL;NULL;NULL;NULL;NON;NULL;NULL;NULL;NON;"Wagner, E. Fundstätten und Funde I, 1908; bes. 198 - 199 ; Dossier : 96971668";NULL
BW_96971657;ADABweb;"Gartenstrasse 28, Emmendingen, Merianstrasse""""";Emmendingen;8316011;4326;7.8530910365;48.1232696959;7.8545993375;48.1240463002;0;non;Littérature prospecté;Unique;Mérovingien;Mérovingien;Isolé;NULL;NULL;NULL;;NON;NULL;NULL;NULL;NULL;NON;NULL;NULL;NULL;NON;"Bad. Fundber. 1, 1925-28; bes. 344 ; Dossier : 96971657";NULL
BW_96971655;ADABweb;"Emmendingen, Über der Elz""""";Emmendingen;8316011;4326;7.8486267898;48.1077577247;7.8516261064;48.1104932104;0;non;Littérature prospecté;Unique;Gallo-romain indéterminé;Gallo-romain indéterminé;NULL;NULL;NULL;NULL;;NON;NULL;NULL;NULL;NULL;NON;NULL;NULL;NULL;NON;"Bad. Fundber. 14, 1938; bes. 20 ; Dossier : 96971655";NULL
BW_103024720;ADABweb;"Emmendingen, Tennenbach""""";Emmendingen;8316011;4326;7.8948892954;48.1435965855;7.8978778731;48.146643007;0;non;Littérature prospecté;Unique;Moyen-âge;Moyen-âge;Rituel;Abbaye;NULL;NULL;;NON;NULL;NULL;NULL;NULL;NON;NULL;NULL;NULL;NON;dossier : 103024720;Monastère
BW_96972133;ADABweb;"Emmendingen, Schlossberg / Grub""""";Emmendingen;8316011;4326;7.839122747;48.1250850147;7.839122747;48.1250850147;0;non;Littérature prospecté;Unique;Mérovingien;Mérovingien;Funéraire;NULL;NULL;NULL;;NON;NULL;NULL;NULL;NULL;NON;NULL;NULL;NULL;NON;"Fundber. Baden-Württemberg 2, 1975; bes. 238 - 239 ; Dossier : 96972133";NULL
BW_96972131;ADABweb;"Emmendingen, Schloss""""";Emmendingen;8316011;4326;7.8382749222;48.1282372869;7.8393617752;48.1293092845;0;non;Littérature prospecté;Unique;Hallstatt indéterminé;Hallstatt indéterminé;NULL;NULL;NULL;NULL;;NON;NULL;NULL;NULL;NULL;NON;NULL;NULL;NULL;NON;dossier : 96972131;NULL
BW_96971659;ADABweb;"Emmendingen, Hochburg""""";Emmendingen;8316011;4326;7.9001833098;48.1167549272;7.9001833098;48.1167549272;0;non;Littérature prospecté;Unique;Gallo-romain indéterminé;Gallo-romain indéterminé;NULL;NULL;NULL;NULL;;NON;Monnaies;NULL;NULL;NULL;NON;NULL;NULL;NULL;NON;"Christ, K. FMRD II, 2 - N1; bes. 25 - 26 ; Dossier : 96971659";NULL
BW_96971667;ADABweb;"Emmendingen, Brettenbach""""";Emmendingen;8316011;4326;7.8705627443;48.1121248425;7.8733653298;48.1131985382;0;non;Littérature prospecté;Unique;La Tène indéterminée;La Tène indéterminée;Isolé;Dépôt;NULL;NULL;;NON;NULL;NULL;NULL;NULL;NON;NULL;NULL;NULL;NON;"Wagner, E. Fundstellen und Funde I, 1908; bes. 198 - 199 ; Dossier : 96971667";NULL
BW_99438133;ADABweb;"Mundingen, Bitzi""""";Emmendingen;8316011;4326;7.8318284199;48.1373406805;7.8331130356;48.1381090798;0;non;Sondé;Unique;Néolithique;Néolithique;Habitat;Indéterminé;NULL;NULL;;NON;NULL;NULL;NULL;NULL;NON;NULL;NULL;NULL;NON;"Arch. Nachr. Baden 1980, 36.
           Fundber. Baden-Württ. 1987, 664f.
           Römer und Alamannen im Breisgau (1994) 92.
           Urbon, Die Hohe Kunst der Tauschierung (1997) 20.
           Hoeper, Alamann. Besiedlungsgeschichte (2001) 276-278.
 ; Dossier : 99438133";NULL
BW_96972076;ADABweb;"Denzlingen, Stummhurst""""";Denzlingen;8316009;4326;7.9064883725;48.0614512681;7.9084296789;48.0625152134;0;non;Littérature prospecté;Unique;Gallo-romain indéterminé;Gallo-romain indéterminé;NULL;NULL;NULL;NULL;;NON;NULL;NULL;NULL;NULL;NON;NULL;NULL;NULL;NON;dossier : 96972076;NULL
BW_96972051;ADABweb;"Denzlingen, Strüpfelacker""""";Denzlingen;8316009;4326;7.8504893759;48.0707858207;7.8514294175;48.0730639531;0;non;Littérature prospecté;Unique;Gallo-romain indéterminé;Gallo-romain indéterminé;Habitat;Indéterminé;NULL;NULL;;NON;NULL;NULL;NULL;NULL;NON;NULL;NULL;NULL;NON;"Fundber. Baden-Württemberg 10, 1985, 544; Taf 55 C.
Fundber. Baden-Württemberg 15, 619; Taf 101 A. ; Dossier : 96972051";NULL
BW_96972082;ADABweb;"Denzlingen, Strüpfelacker""""";Denzlingen;8316009;4326;7.8515936925;48.0713620607;7.8538200387;48.072801106;0;non;Littérature prospecté;Unique;Gallo-romain indéterminé;Gallo-romain indéterminé;NULL;NULL;NULL;NULL;;NON;NULL;NULL;NULL;NULL;NON;Métal;Extraction;Fer;NON;dossier : 96972082;Scorie de fer formée lors de la réduction du minerai
BW_96972052;ADABweb;"Denzlingen, Stockmatte (Tiermendingen)""""";Denzlingen;8316009;4326;7.850634119;48.0797588959;7.8512845355;48.0799790883;0;non;Littérature prospecté;Unique;Gallo-romain indéterminé;Gallo-romain indéterminé;NULL;NULL;NULL;NULL;;NON;NULL;NULL;NULL;NULL;NON;NULL;NULL;NULL;NON;"Fundber. Baden-Württemberg 10, 1985, 543f. u. Taf. 59 A/B.
Fundber. Baden-Württemberg 15, 1990, 620 u. Taf. 101 C.
R. Asskamp, Das südl. Oberrheingebiet in frührömischer Zeit (Stuttgart 1989) 157f.
  ; Dossier : 96972052";NULL
BW_96972069;ADABweb;"Denzlingen, Steinmeier / Waldkircher Strasse""""";Denzlingen;8316009;4326;7.8909900994;48.0627441404;7.8912276809;48.062921703;0;non;Littérature prospecté;Unique;La Tène indéterminée;La Tène indéterminée;Formation superficielle;Dates 14C;NULL;NULL;;NON;NULL;NULL;NULL;NULL;NON;NULL;NULL;NULL;NON;"R. Mäckel/ A. Friedmann (Hrsg.), Wandel der Geo-Biosphäre im südlichen Oberrheintiefland (1998) 197. ; Dossier : 96972069";NULL
BW_96972080;ADABweb;"Denzlingen, Schweizermatten / Grünmatten""""";Denzlingen;8316009;4326;7.9082995213;48.0604369323;7.9108808258;48.0620922044;0;non;Littérature prospecté;Unique;Gallo-romain indéterminé;Gallo-romain indéterminé;Habitat;Indéterminé;NULL;NULL;;NON;NULL;NULL;NULL;NULL;NON;NULL;NULL;NULL;NON;"Arch. Nachrichten Baden 45, 1991, 31. ; Dossier : 96972080";NULL
BW_96972081;ADABweb;"Denzlingen, Ridinger Mättle""""";Denzlingen;8316009;4326;7.8470499014;48.0872209741;7.8470499014;48.0872209741;0;non;Littérature prospecté;Unique;Gallo-romain indéterminé;Gallo-romain indéterminé;NULL;NULL;NULL;NULL;;NON;NULL;NULL;NULL;NULL;NON;NULL;NULL;NULL;NON;"Fundber. Baden-Württemberg 15, 1990, 620. Taf. 101 D. ; Dossier : 96972081";NULL
BW_102190532;ADABweb;"Denzlingen, Mauracher Hof""""";Denzlingen;8316009;4326;7.9006908379;48.073359828;7.9020994498;48.0739251775;0;non;Fouillé;Unique;Gallo-romain indéterminé;Gallo-romain indéterminé;Habitat;Indéterminé;NULL;NULL;;NON;NULL;NULL;NULL;NULL;NON;NULL;NULL;NULL;NON;dossier : 102190532;NULL
BW_96972049;ADABweb;"Denzlingen, Luckhaufen / Dorfmatten""""";Denzlingen;8316009;4326;7.8937462309;48.0614890604;7.8998162905;48.0640371223;0;non;Littérature prospecté;Unique;Moyen-âge;Moyen-âge;NULL;NULL;NULL;NULL;;NON;NULL;NULL;NULL;NULL;NON;Métal;Extraction;NULL;NON;"Fundber. Baden-Württemberg 15,1990, 619. ; Dossier : 96972049";NULL
BW_96972048;ADABweb;"Denzlingen, Hölzleacker""""";Denzlingen;8316009;4326;7.8497898003;48.0756100714;7.8508161749;48.0763195501;0;non;Littérature prospecté;Unique;Gallo-romain indéterminé;Gallo-romain indéterminé;Habitat;Indéterminé;NULL;NULL;;NON;NULL;NULL;NULL;NULL;NON;NULL;NULL;NULL;NON;"Fundber. Baden-Württemberg 10, 1985, 544.
Fundber. Baden-Württemberg 15, 1990, 620. ; Dossier : 96972048";NULL
BW_96972075;ADABweb;"Denzlingen, Gereuth / Gereut / Grütt""""";Denzlingen;8316009;4326;7.915037044;48.0711128452;7.9153172557;48.0713956206;0;non;Littérature prospecté;Unique;La Tène indéterminée;La Tène indéterminée;NULL;NULL;NULL;NULL;;NON;Monnaies;NULL;NULL;NULL;NON;NULL;NULL;NULL;NON;"Fundber. Baden-Württemberg 28/2, 2005, 166. ; Dossier : 96972075";NULL
BW_96972083;ADABweb;"Denzlingen, Benzenbühl""""";Denzlingen;8316009;4326;7.8507684703;48.0740580534;7.8525782229;48.0750639508;0;non;Littérature prospecté;Unique;Gallo-romain indéterminé;Gallo-romain indéterminé;NULL;NULL;NULL;NULL;;NON;NULL;NULL;NULL;NULL;NON;Métal;Extraction;Fer;NON;"G. Gassmann u.a., Forschungen zur keltischen Eisenerzverhüttung in Südwestdeutschland (2005) 120. ; Dossier : 96972083";Scorie de fer formée lors de la réduction du minerai
BW_96972020;ADABweb;"Kirchstrasse 8, Bahlingen, Ortsetter""""";Bahlingen;8316002;4326;7.7354826401;48.1240939499;7.7369108145;48.1251514293;0;non;Littérature prospecté;Unique;Mérovingien;Mérovingien;Funéraire;Nécropole tombes plates;NULL;NULL;;NON;NULL;NULL;NULL;NULL;NON;NULL;NULL;NULL;NON;"Festschrift Schumacher, 1930; bes. 44 ; Dossier : 96920720";NULL
BW_96972011;ADABweb;"Bühlergässle 1, Bahlingen, Ortsetter""""";Bahlingen;8316002;4326;7.7351781337;48.1207758008;7.7354908382;48.1209779077;0;non;Littérature prospecté;Unique;Mérovingien;Mérovingien;Funéraire;indéterminé;NULL;NULL;;NON;NULL;NULL;NULL;NULL;NON;NULL;NULL;NULL;NON;"Bad. Fundber. 22, 1962, 296.
Hoeper, Siedlungsgeschichte (2001) 185. ; Dossier : 96972011";NULL
BW_96972018;ADABweb;"Bahlingen, Windeck""""";Bahlingen;8316002;4326;7.7234097593;48.1188051957;7.7241020925;48.1191765934;0;non;Littérature prospecté;Unique;Bronze indéterminé;Bronze indéterminé;Funéraire;NULL;NULL;NULL;;NON;NULL;NULL;NULL;NULL;NON;NULL;NULL;NULL;NON;"Wagner, E. Fundstätten und Funde I, 1908; bes. 198 ; Dossier : 96972018";NULL
BW_96972007;ADABweb;"Bahlingen, Wiehl / Wiehltal""""";Bahlingen;8316002;4326;7.7341238593;48.1107823513;7.7359449125;48.1113836871;0;non;Littérature prospecté;Unique;Gallo-romain indéterminé;Gallo-romain indéterminé;NULL;NULL;NULL;NULL;;NON;NULL;NULL;NULL;NULL;NON;NULL;NULL;NULL;NON;"Fundber. Baden-Württemberg 28/2, 2005, 198. ; Dossier : 96972007";NULL
BW_96972003;ADABweb;"Bahlingen, Stauden""""";Bahlingen;8316002;4326;7.759599454;48.1327531054;7.7606575433;48.1333914989;0;non;Littérature prospecté;Unique;Gallo-romain indéterminé;Gallo-romain indéterminé;Habitat;Indéterminé;NULL;NULL;;NON;NULL;NULL;NULL;NULL;NON;NULL;NULL;NULL;NON;dossier : 96972003;NULL
BW_96972022;ADABweb;"Bahlingen, Stadenweg""""";Bahlingen;8316002;4326;7.7607384995;48.1199526289;7.7685651536;48.1336526883;0;non;Littérature prospecté;Unique;Gallo-romain indéterminé;Gallo-romain indéterminé;Voie;NULL;NULL;NULL;;NON;NULL;NULL;NULL;NULL;NON;NULL;NULL;NULL;NON;"Bad. Fundber. I, 1925-28; bes. 364 - 365 ; Dossier : 96972022";NULL
BW_96972005;ADABweb;"Bahlingen, Riedlehau""""";Bahlingen;8316002;4326;7.7620050997;48.1104798582;7.7625252051;48.1109251177;0;non;Littérature prospecté;Unique;Hallstatt indéterminé;Hallstatt indéterminé;Habitat;Indéterminé;NULL;NULL;;NON;NULL;NULL;NULL;NULL;NON;NULL;NULL;NULL;NON;dossier : 96972005;NULL
BW_99433991;ADABweb;"Bahlingen, Riedlehau""""";Bahlingen;8316002;4326;7.7623680459;48.1087848295;7.7623680459;48.1087848295;0;non;Sondé;Unique;La Tène indéterminée;La Tène indéterminée;Habitat;Indéterminé;NULL;NULL;;NON;NULL;NULL;NULL;NULL;NON;NULL;NULL;NULL;NON;dossier : 99433991;NULL
BW_96972019;ADABweb;"Bahlingen, Lebere / Lebern""""";Bahlingen;8316002;4326;7.7394342058;48.1187727044;7.7394342058;48.1187727044;0;non;Littérature prospecté;Unique;Mérovingien;Mérovingien;Funéraire;indéterminé;NULL;NULL;;NON;NULL;NULL;NULL;NULL;NON;NULL;NULL;NULL;NON;"Germania 14, 1931; bes. 94 ; Dossier : 96972019";NULL
BW_96972004;ADABweb;"Bahlingen, Bahlingereck""""";Bahlingen;8316002;4326;7.700282106;48.1075162212;7.7006151596;48.1077284611;0;non;Littérature prospecté;Unique;Gallo-romain indéterminé;Gallo-romain indéterminé;Habitat;Indéterminé;NULL;NULL;;NON;NULL;NULL;NULL;NULL;NON;NULL;NULL;NULL;NON;"Fundber. Baden-Württemberg 10, 1985, 541 und Taf. 58. ; Dossier : 96972004";NULL
